model_id,sample_id,patient_id,parent_id,model_name,synonyms,tissue,cancer_type,cancer_type_ncit_id,tissue_status,sample_site,cancer_type_detail,model_type,growth_properties,model_treatment,sampling_day,sampling_month,sampling_year,doi,pmed,msi_status,ploidy_snp6,ploidy_wes,ploidy_wgs,mutational_burden,model_comments,model_relations_comment,COSMIC_ID,BROAD_ID,CCLE_ID,RRID,HCMI,suppliers,supplier,cat_number,species,gender,ethnicity,age_at_sampling,cris_prediction,cms_prediction,family_history_of_cancer,prior_same_malignancy,prior_other_malignancy,smoking_status,alcohol_exposure_intensity,alcohol_consumption_per_week,history_diabetes,diabetes_treatment,colorectal_cancer_risk_factors,patient_history_of_gastrointestinal_disorder,gastrointestinal_disorder_diagnosed,prior_synchronous_colon_rectal_tumours,history_prior_colon_polyps,previous_current_barretts_oesophagus,reflux_disease_prior,reflux_disease_treatment,h_pylori_infection,history_clinical_chronic_pancreatitis,tumour_grade,tnm_integrated,tnm_t,tnm_n,tnm_m,clinical_staging,metastasis_at_diagnosis,metastatic_site_at_diagnosis,method_procurement,sample_treatment,sample_treatment_details,radiation_type,prior_therapy_outcome,tumour_regression_score,colon_polyps_present_at_time_of_tissue_collection,venous_invasion_present,venous_invasion_type,lymphatic_invasion_present,perineural_invasion_present,gastric_oesophageal_junction,barretts_goblet_cells_present,oesophageal_columnar_metaplasia,goblet_cells_oesophageal_columnar_mucosa,degree_of_dysplasia_non_cancerous_oesophageal_columnar_mucosa,peripancreatic_lymph_nodes_tested_surgery,number_positive_peripancreatic_lymph_nodes,mlh1_expression_by_ihc,mlh1_promoter_methylation_status,msh2_expression_by_ihc,pms2_expression_by_ihc,msh6_expression_by_ihc,braf_mutation_identified,braf_expression_by_ihc,pik3ca_mutation_identified,pten_expression_by_ihc,pten_mutation_identified,kras_mutation_identified,mismatch_repair_status,preoperative_ce_alevel
SIDM01554,SIDS01363,SIDP01247,,IST-MES-2,,Lung,Mesothelioma,C45662,Unknown,Pleural Effusion,Pleural Epithelioid Mesothelioma,Cell Line,Adherent,Unknown,,,1989.0,10.1183/09031936.99.13352799,,,,1.85100655104608,,22.92,,,,ACH-000331,ISTMES2_PLEURA,CVCL_1312,,ICLC:HTL01007,ICLC,HTL01007,Homo sapiens,Male,White,71.0,,,,,,Unknown,,,,,,,,,,,,,,,,,,,,,,,,Unknown,,,,,,,,,,,,,,,,,,,,,,,,,,,,,
SIDM01387,SIDS01410,SIDP01293,,NCI-H1339,,Lung,Small Cell Lung Carcinoma,C4917,Metastasis,Pleural Effusion,Small Cell Lung Carcinoma,Cell Line,Unknown,Unknown,27.0,2.0,86.0,10.1002/jcb.240630505,8806092.0,,,2.14064135237069,,111.74,"NCI-H1339, NCI-H157, and NCI-H1264 are reported to come from different donors but have matching STR profiles (Yu et al, 2015). ICLAC made contact with the originator's laboratory to discuss the match. They have fresh stocks of NCI-H1339 with the correct fingerprint matching NCI-BL1339, which is a lymphoblastoid cell line from the same donor. (ICLAC v9)",NCI-BL1339 is a lymphoblastoid line from the same patient as NCI-H1339. (PMID: 8806092).,,ACH-000921,NCIH1339_LUNG,CVCL_A472,,,,,Homo sapiens,Female,White,49.0,,,,,,Smoker,,,,,,,,,,,,,,,,,,,,,,,,Radiotherapy,Unknown,,,,,,,,,,,,,,,,,,,,,,,,,,,,
SIDM00990,SIDS00455,SIDP00392,,BEN,,Lung,Non-Small Cell Lung Carcinoma,C2926,Metastasis,Supraclavicular lymph node,Non-Small Cell Lung Carcinoma,Cell Line,Adherent,,,,,,,MSS,3.606117968,3.92186282493958,,54.82,,,753534,ACH-000603,BEN_LUNG,CVCL_1082,,DSMZ:ACC-254,DSMZ,ACC-254,Homo sapiens,Male,Unknown,71.0,,,,,,Unknown,,,,,,,,,,,,,,,,,,,,,,,,Unknown,,,,,,,,,,,,,,,,,,,,,,,,,,,,,
SIDM00019,SIDS00783,SIDP00701,,NCI-H820,,Lung,Non-Small Cell Lung Carcinoma,C5650,Metastasis,Lymph Node,Papillary Lung Adenocarcinoma,Cell Line,Unknown,,,,1984.0,,,,2.902647175,,,,,,1333019,ACH-001140,NCIH820_LUNG,CVCL_1592,,ATCC:HTB-181,ATCC,HTB-181,Homo sapiens,Male,White,53.0,,,,,,Unknown,,,,,,,,,,,,,,,,,,,,,,,,Unknown,,,,,,,,,,,,,,,,,,,,,,,,,,,,,
SIDM00046,SIDS00737,SIDP00661,,H3255,NCI-H3255;H3255_DA,Lung,Non-Small Cell Lung Carcinoma,C3512,Unknown,Unknown,Lung Adenocarcinoma,Cell Line,Unknown,,,,,,,MSS,2.513398136,4.16909394259762,,23.24,,,1247873,ACH-000109,NCIH3255_LUNG,CVCL_6831,,Unknown:Unknown,Unknown,Unknown,Homo sapiens,Female,Unknown,,,,,,,Unknown,,,,,,,,,,,,,,,,,,,,,,,,Unknown,,,,,,,,,,,,,,,,,,,,,,,,,,,,,
SIDM01069,SIDS00524,SIDP00460,,HCC-44,HCC0044,Lung,Non-Small Cell Lung Carcinoma,C3512,Tumour,Lung,Lung Adenocarcinoma,Cell Line,Adherent,,,,,,,MSS,3.017297527,5.34896065499726,,47.55,,,1240145,ACH-000667,HCC44_LUNG,CVCL_2060,,DSMZ:ACC-534,DSMZ,ACC-534,Homo sapiens,Female,Unknown,54.0,,,,,,Unknown,,,,,,,,,,,,,,,,,,,,,,,,Unknown,,,,,,,,,,,,,,,,,,,,,,,,,,,,,
SIDM00296,SIDS00682,SIDP00609,,LU-134-A,NCC-c-Lu-134-A-H,Lung,Small Cell Lung Carcinoma,C4917,Tumour,Lung,Small Cell Lung Carcinoma,Cell Line,Suspension,,,,,,,MSS,2.513269321,2.5808544038307004,,52.08,,Lines LU-134-A and LU-134-B have been shown to be related (RIKEN).,753588,ACH-002051,LU134A_LUNG,CVCL_1387,,RIKEN:RCB0466,RIKEN,RCB0466,Homo sapiens,Male,East Asian,80.0,,,,,,Unknown,,,,,,,,,,,,,,,,,,,,,,,,Unknown,,,,,,,,,,,,,,,,,,,,,,,,,,,,,
SIDM01163,SIDS00392,SIDP00336,,SW1573,,Lung,Non-Small Cell Lung Carcinoma,C2923,Tumour,Unknown,Bronchiolo-Alveolar Lung Carcinoma,Cell Line,Adherent,,,,1977.0,,,MSS,3.32176115,3.46379007999857,,29.92,,,724878,ACH-000677,SW1573_LUNG,CVCL_1720,,ATCC:CRL-2170,ATCC,CRL-2170,Homo sapiens,Female,White,44.0,,,,,,Unknown,,,,,,,,,,,,,,,,,,,,,,,,Unknown,,,,,,,,,,,,,,,,,,,,,,,,,,,,,
SIDM01183,SIDS00421,SIDP00363,,UMC-11,NCI-UMC-11,Lung,Other Solid Cancers,C4038,Tumour,Unknown,Lung Carcinoid Tumor,Cell Line,Adherent,,,,,,,MSS,2.323367182,2.4305781318390096,,45.63,,,909779,ACH-001417,UMC11_LUNG,CVCL_1784,,ATCC:CRL-5975,ATCC,CRL-5975,Homo sapiens,Male,Unknown,,,,,,,Unknown,,,,,,,,,,,,,,,,,,,,,,,,Unknown,,,,,,,,,,,,,,,,,,,,,,,,,,,,,
SIDM00307,SIDS00671,SIDP00599,,RERF-LC-AI,RERF-LC-A1,Lung,Squamous Cell Lung Carcinoma,C3493,Tumour,Unknown,Squamous Cell Lung Carcinoma,Cell Line,Adherent,,,,,,,,,,,,,GT3TKB has been shown to be cross contaminated with cell line RERF-LC-AI (PMID: 16643607).,,ACH-000261,RERFLCAI_LUNG,CVCL_4402,,RIKEN:RCB0444,RIKEN,RCB0444,Homo sapiens,Male,East Asian,,,,,,,Unknown,,,,,,,,,,,,,,,,,,,,,,,,Unknown,,,,,,,,,,,,,,,,,,,,,,,,,,,,,
SIDM00366,SIDS01054,SIDP00946,,SBC-2,,Lung,Small Cell Lung Carcinoma,C4917,Tumour,Unknown,Small Cell Lung Carcinoma,Cell Line,Unknown,,,,,,,,,,,,,SBC-1 and SBC-2 exhibit the same DNA profile (JCRB).,,,,CVCL_W531,,JCRB:JCRB0817,JCRB,JCRB0817,Homo sapiens,Male,Unknown,,,,,,,Unknown,,,,,,,,,,,,,,,,,,,,,,,,Unknown,,,,,,,,,,,,,,,,,,,,,,,,,,,,,
SIDM01986,SIDS00075,SIDP00060,SIDM00903,EA-hy926,,Lung,Non-Small Cell Lung Carcinoma,C3512,Tumour,Unknown,Lung Adenocarcinoma,Cell Line,Adherent,Thioguanine & Polyethylene glycol,,,1972.0,10.1073/pnas.80.12.3734,,MSS,,3.4672318657706804,,68.18,"The human umbilical vein cell line, EA.hy926, was established by fusing primary human umbilical vein cells with a thioguanine-resistant clone of A549 by exposure to polyethylene glycol (PEG). Hybrid clones were selected in HAT medium and screened for factor VIII-related antigen. (ATCC)","The human umbilical vein cell line, EA.hy926, was established by fusing primary human umbilical vein cells with a thioguanine-resistant clone of A549 by exposure to polyethylene glycol (PEG). Hybrid clones were selected in HAT medium and screened for factor VIII-related antigen. (ATCC)",,,,CVCL_3901,,ATCC:CRL-2922,ATCC,CRL-2922,Homo sapiens,Male,White,58.0,,,,,,Unknown,,,,,,,,,,,,,,,,,,,,,,,,Unknown,,,,,,,,,,,,,,,,,,,,,,,,,,,,,
SIDM00486,SIDS00955,SIDP00855,,EBC-1,EBC-1/original,Lung,Squamous Cell Lung Carcinoma,C3493,Tumour,Unknown,Squamous Cell Lung Carcinoma,Cell Line,Unknown,,,,,,,MSS,2.794422894,3.0292589352257298,,39.37,,,753554,ACH-000563,EBC1_LUNG,CVCL_2891,,JCRB:JCRB0820,JCRB,JCRB0820,Homo sapiens,Male,Unknown,69.0,,,,,,Unknown,,,,,,,,,,,,,,,,,,,,,,,,Unknown,,,,,,,,,,,,,,,,,,,,,,,,,,,,,
SIDM01044,SIDS00511,SIDP00447,,EPLC-272H,,Lung,Other Solid Cancers,C45544,Tumour,Lung,Lung Mucoepidermoid Carcinoma,Cell Line,Adherent,,,,1986.0,,,MSS,3.0083590730000003,3.00673090741692,,51.03,,,753556,ACH-000585,EPLC272H_LUNG,CVCL_1197,,DSMZ:ACC-383,DSMZ,ACC-383,Homo sapiens,Male,White,57.0,,,,,,Unknown,,,,,,,,,,,,,,,,,,,,,,,,,,,,,,,,,,,,,,,,,,,,,,,,,,,,,
SIDM00133,SIDS00820,SIDP00733,,HOP-62,,Lung,Non-Small Cell Lung Carcinoma,C3512,Tumour,Unknown,Lung Adenocarcinoma,Cell Line,Unknown,,,,,,,MSS,2.867374567,3.1275140745157404,,86.05,,,905972,ACH-000861,HOP62_LUNG,CVCL_1285,,NCI:HOP-62,NCI,HOP-62,Homo sapiens,Female,Unknown,6.0,,,,,,Unknown,,,,,,,,,,,,,,,,,,,,,,,,Unknown,,,,,,,,,,,,,,,,,,,,,,,,,,,,,
SIDM00724,SIDS00293,SIDP00240,,NCI-H2405,,Lung,Non-Small Cell Lung Carcinoma,C3512,Metastasis,Ascites,Lung Adenocarcinoma,Cell Line,Semi-Adherent,,,9.0,1990.0,,,MSS,3.714135156,1.9094563852648705,,24.13,,,687821,ACH-000121,NCIH2405_LUNG,CVCL_1551,,ATCC:CRL-5944,ATCC,CRL-5944,Homo sapiens,Male,White,47.0,,,,,,Smoker,,,,,,,,,,,,,,,,,,,,,,,,Unknown,,,,,,,,,,,,,,,,,,,,,,,,,,,,,
SIDM00719,SIDS00298,SIDP00245,,NCI-H345,,Lung,Small Cell Lung Carcinoma,C4917,Metastasis,Bone marrow,Small Cell Lung Carcinoma,Cell Line,Semi-Adherent,,,,1981.0,,,MSS,2.695645242,2.75662020272735,,85.89,,,688021,ACH-001364,NCIH345_LUNG,CVCL_1558,,ATCC:HTB-180,ATCC,HTB-180,Homo sapiens,Male,White,64.0,,,,,,Smoker,,,,,,,,,,,,,,,,,,,,,,,,Chemotherapy,,,,,,,,,,,,,,,,,,,,,,,,,,,,,
SIDM00646,SIDS00219,SIDP00179,,NCI-H1341,,Lung,Small Cell Lung Carcinoma,C4917,Metastasis,Cervix,Small Cell Lung Carcinoma,Cell Line,Suspension,,,2.0,1986.0,,,MSS,3.601399733,3.73042178220726,,23.34,,,1330964,ACH-000129,NCIH1341_LUNG,CVCL_1463,,ATCC:CRL-5864,ATCC,CRL-5864,Homo sapiens,Female,Unknown,,,,,,,Unknown,,,,,,,,,,,,,,,,,,,,,,,,Unknown,,,,,,,,,,,,,,,,,,,,,,,,,,,,,
SIDM00028,SIDS00793,SIDP00710,,SCLC-22H,,Lung,Small Cell Lung Carcinoma,C4917,Metastasis,Pleural Effusion,Small Cell Lung Carcinoma,Cell Line,Unknown,,,,,,,,,,,,,SCLC-21H & SCLC-22H were derived from the same patient (DSMZ).,,ACH-001386,SCLC22H_LUNG,CVCL_2186,,DSMZ:ACC373,DSMZ,ACC373,Homo sapiens,Male,White,46.0,,,,,,Unknown,,,,,,,,,,,,,,,,,,,,,,,,Chemotherapy,,,,,,,,,,,,,,,,,,,,,,,,,,,,,
SIDM01596,SIDS01326,SIDP01211,,HCC4006,,Lung,Non-Small Cell Lung Carcinoma,C3512,Metastasis,Pleural Effusion,Lung Adenocarcinoma,Cell Line,Adherent,Unknown,,,,,,,,3.59613157965669,,14.08,,,,ACH-000066,HCC4006_LUNG,CVCL_1269,,ATCC:CRL-2871,ATCC,CRL-2871,Homo sapiens,Male,White,,,,,,,Unknown,,,,,,,,,,,,,,,,,,,,,,,,Unknown,,,,,,,,,,,,,,,,,,,,,,,,,,,,,
SIDM01739,SIDS01651,SIDP01570,,NCI-H889,,Lung,Small Cell Lung Carcinoma,C4917,Metastasis,Lymph Node,Small Cell Lung Carcinoma,Cell Line,Suspension,Unknown,13.0,7.0,84.0,10.1002/jcb.240630505,,,,2.9989795273354702,,26.79,,,,ACH-000297,NCIH889_LUNG,CVCL_1598,,ATCC:CRL-5817,ATCC,CRL-5817,Homo sapiens,Female,White,69.0,,,,,,Smoker,,,,,,,,,,,,,,,,,,,,,,,,,,,,,,,,,,,,,,,,,,,,,,,,,,,,,
SIDM01545,SIDS01260,SIDP01151,,Calu-1,,Lung,Non-Small Cell Lung Carcinoma,C3493,Metastasis,Pleura,Squamous Cell Lung Carcinoma,Cell Line,Adherent,Unknown,,,,,,,,2.5358460771198703,,27.63,,,,ACH-000511,CALU1_LUNG,CVCL_0608,,ATCC:HTB-54,ATCC,HTB-54,Homo sapiens,Male,White,47.0,,,,,,Unknown,,,,,,,,,,,,,,,,,,,,,,,,Unknown,,,,,,,,,,,,,,,,,,,,,,,,,,,,,
SIDM00300,SIDS00679,SIDP00607,,LC-1-sq,Lung cancer-1/squamous,Lung,Squamous Cell Lung Carcinoma,C3493,Tumour,Lung,Squamous Cell Lung Carcinoma,Cell Line,Adherent,,,,,,,,2.351208534,,,,,LC-1F (Floating variant) is from the same patient as LC-1-sq (Lung Cancer-1/Squamous). ;LC-1-sq-SF is a variant of LC-1-sq cultured in serum-free media (RIKEN).,1298223,ACH-002156,LC1SQ_LUNG,CVCL_3008,,RIKEN:RCB0455,RIKEN,RCB0455,Homo sapiens,Male,East Asian,69.0,,,,,,Unknown,,,,,,,,,,,,,,,,,,,,,,,,Unknown,,,,,,,,,,,,,,,,,,,,,,,,,,,,,
SIDM00236,SIDS00702,SIDP00627,,PC-9,,Lung,Non-Small Cell Lung Carcinoma,C3512,Tumour,Unknown,Lung Adenocarcinoma,Cell Line,Adherent,,,,,,,,,,,,,"PC-14 has been shown to be a derivitive of PC-9 (RIKEN, ECACC).",,ACH-000779,PC9_LUNG,CVCL_B260,,RIKEN:RCB4455,RIKEN,RCB4455,Homo sapiens,Male,East Asian,,,,,,,Unknown,,,,,,,,,,,,,,,,,,,,,,,,Unknown,,,,,,,,,,,,,,,,,,,,,,,,,,,,,
SIDM01226,SIDS00679,SIDP00607,SIDM00300,LC-1-sq-SF,LC-1/sq-Serum Free,Lung,Squamous Cell Lung Carcinoma,C3493,Tumour,Lung,Squamous Cell Lung Carcinoma,Cell Line,Adherent,,,,,,,,,,,,,LC-1F (Floating variant) is from the same patient as LC-1-sq (Lung Cancer-1/Squamous). ;LC-1-sq-SF is a variant of LC-1-sq cultured in serum-free media (RIKEN).,,ACH-001113,LC1SQSF_LUNG,CVCL_5480,,RIKEN:RCB0438,RIKEN,RCB0438,Homo sapiens,Male,East Asian,69.0,,,,,,Unknown,,,,,,,,,,,,,,,,,,,,,,,,Unknown,,,,,,,,,,,,,,,,,,,,,,,,,,,,,
SIDM00295,SIDS00682,SIDP00609,,LU-134-B,,Lung,Small Cell Lung Carcinoma,C4917,Tumour,Lung,Small Cell Lung Carcinoma,Cell Line,Suspension,,,,,,,,,,,,,Lines LU-134-A and LU-134-B have been shown to be related (RIKEN).,,,,CVCL_1388,,RIKEN:RCB0467,RIKEN,RCB0467,Homo sapiens,Male,East Asian,80.0,,,,,,Unknown,,,,,,,,,,,,,,,,,,,,,,,,Unknown,,,,,,,,,,,,,,,,,,,,,,,,,,,,,
SIDM00103,SIDS00873,SIDP00777,,NCI-H2373,,Lung,Mesothelioma,C45663,Unknown,Unknown,Pleural Sarcomatoid Mesothelioma,Cell Line,Unknown,,,,,,,MSS,1.837259153,1.9102859725962495,,21.74,,,1290809,ACH-002124,H2373_PLEURA,CVCL_A533,,NCI-Navy Medical Oncology Branch:NCI-H2373,NCI-Navy Medical Oncology Branch,NCI-H2373,Homo sapiens,Male,Unknown,,,,,,,Unknown,,,,,,,,,,,,,,,,,,,,,,,,Unknown,,,,,,,,,,,,,,,,,,,,,,,,,,,,,
SIDM00100,SIDS00876,SIDP00780,,NCI-H2595,,Lung,Mesothelioma,C45662,Unknown,Unknown,Pleural Epithelioid Mesothelioma,Cell Line,Unknown,,,,,,,MSS,3.086268484,3.2144054421353103,,20.87,,,1240132,ACH-002127,H2595_PLEURA,CVCL_A545,,NCI-Navy Medical Oncology Branch:NCI-H2595,NCI-Navy Medical Oncology Branch,NCI-H2595,Homo sapiens,Male,Unknown,,,,,,,Unknown,,,,,,,,,,,,,,,,,,,,,,,,Unknown,,,,,,,,,,,,,,,,,,,,,,,,,,,,,
SIDM00099,SIDS00877,SIDP00781,,NCI-H2722,,Lung,Mesothelioma,C7376,Unknown,Unknown,Malignant Pleural Mesothelioma,Cell Line,Unknown,,,,,,,MSS,3.639394543,1.80637882180984,,24.87,,,1290812,ACH-002128,H2722_PLEURA,CVCL_U994,,NCI-Navy Medical Oncology Branch:NCI-H2722,NCI-Navy Medical Oncology Branch,NCI-H2722,Homo sapiens,Male,Unknown,,,,,,,Unknown,,,,,,,,,,,,,,,,,,,,,,,,Unknown,,,,,,,,,,,,,,,,,,,,,,,,,,,,,
SIDM00098,SIDS00878,SIDP00782,,NCI-H2731,,Lung,Mesothelioma,C45663,Unknown,Unknown,Pleural Sarcomatoid Mesothelioma,Cell Line,Unknown,,,,,,,MSS,2.510828467,2.7084979401311897,,24.24,,,1240134,ACH-002129,H2731_PLEURA,CVCL_U995,,NCI-Navy Medical Oncology Branch:NCI-H2731,NCI-Navy Medical Oncology Branch,NCI-H2731,Homo sapiens,Male,Unknown,,,,,,,Unknown,,,,,,,,,,,,,,,,,,,,,,,,Unknown,,,,,,,,,,,,,,,,,,,,,,,,,,,,,
SIDM00143,SIDS00833,SIDP00743,,COLO-668,,Lung,Small Cell Lung Carcinoma,C4917,Metastasis,Brain,Small Cell Lung Carcinoma,Cell Line,Semi-Adherent,,,,,,,MSS,3.0428846060000003,3.2200600749156405,,65.29,,,910692,ACH-000803,COLO668_LUNG,CVCL_1128,,ECACC:87061209,ECACC,87061209,Homo sapiens,Female,Unknown,47.0,,,,,,Unknown,,,,,,,,,,,,,,,,,,,,,,,,Unknown,,,,,,,,,,,,,,,,,,,,,,,,,,,,,
SIDM00104,SIDS00872,SIDP00776,,NCI-H2369,,Lung,Mesothelioma,C7376,Unknown,Unknown,Malignant Pleural Mesothelioma,Cell Line,Unknown,,,,,,,MSS,3.57330134,1.9365026137649095,,25.87,,,1290808,,,CVCL_A532,,NCI-Navy Medical Oncology Branch:NCI-H2369,NCI-Navy Medical Oncology Branch,NCI-H2369,Homo sapiens,Male,Unknown,,,,,,,Unknown,,,,,,,,,,,,,,,,,,,,,,,,Unknown,,,,,,,,,,,,,,,,,,,,,,,,,,,,,
SIDM00102,SIDS00874,SIDP00778,,NCI-H2461,,Lung,Mesothelioma,C45662,Unknown,Unknown,Pleural Epithelioid Mesothelioma,Cell Line,Unknown,,,,,,,MSS,4.691995316,3.24751069685582,,19.05,,,1290810,ACH-002125,H2461_PLEURA,CVCL_A536,,NCI-Navy Medical Oncology Branch:NCI-H2461,NCI-Navy Medical Oncology Branch,NCI-H2461,Homo sapiens,Male,Unknown,,,,,,,Unknown,,,,,,,,,,,,,,,,,,,,,,,,Unknown,,,,,,,,,,,,,,,,,,,,,,,,,,,,,
SIDM00101,SIDS00875,SIDP00779,,NCI-H2591,,Lung,Mesothelioma,C45662,Unknown,Unknown,Pleural Epithelioid Mesothelioma,Cell Line,Unknown,,,,,,,MSS,1.7729994619999998,1.80072698519516,,21.63,,,1240131,ACH-002126,H2591_PLEURA,CVCL_A543,,NCI-Navy Medical Oncology Branch:NCI-H2591,NCI-Navy Medical Oncology Branch,NCI-H2591,Homo sapiens,Male,Unknown,,,,,,,Unknown,,,,,,,,,,,,,,,,,,,,,,,,Unknown,,,,,,,,,,,,,,,,,,,,,,,,,,,,,
SIDM00154,SIDS00879,SIDP00783,,NCI-H2795,,Lung,Mesothelioma,C45662,Unknown,Unknown,Pleural Epithelioid Mesothelioma,Cell Line,Unknown,,,,,,,MSS,1.936887223,1.96786284417055,,20.87,,,1290813,ACH-002130,H2795_PLEURA,CVCL_U996,,NCI-Navy Medical Oncology Branch:NCI-H2795,NCI-Navy Medical Oncology Branch,NCI-H2795,Homo sapiens,Male,Unknown,,,,,,,Unknown,,,,,,,,,,,,,,,,,,,,,,,,Unknown,,,,,,,,,,,,,,,,,,,,,,,,,,,,,
SIDM00114,SIDS00870,SIDP00775,,NCI-H513,HUT513,Lung,Non-Small Cell Lung Carcinoma,C9133,Unknown,Unknown,Adenosquamous Lung Carcinoma,Cell Line,Unknown,,,,,,,MSS,2.928087382,3.10880610502747,,224.11,,"NCI-H125 and NCI-H513 have been show to be cross contaminated (ATCC, ICLAC)",1240141,ACH-002138,H513_LUNG,CVCL_A570,,NCI-Navy Medical Oncology Branch:NCI-H513,NCI-Navy Medical Oncology Branch,NCI-H513,Homo sapiens,Male,Unknown,,,,,,,Unknown,,,,,,,,,,,,,,,,,,,,,,,,Unknown,,,,,,,,,,,,,,,,,,,,,,,,,,,,,
SIDM00137,SIDS00839,SIDP00748,,NCI-H3122,,Lung,Non-Small Cell Lung Carcinoma,C3512,Tumour,Unknown,Lung Adenocarcinoma,Cell Line,Unknown,,,,,,,MSS,3.743835019,3.92814452930623,,35.18,,,1240190,ACH-000337,NCIH3122_LUNG,CVCL_5160,,NCI:NCI-H3122,NCI,NCI-H3122,Homo sapiens,Male,Unknown,,,,,,,Unknown,,,,,,,,,,,,,,,,,,,,,,,,Unknown,,,,,,,,,,,,,,,,,,,,,,,,,,,,,
SIDM00117,SIDS00840,SIDP00749,,NCI-H322M,,Lung,Non-Small Cell Lung Carcinoma,C2923,Tumour,Unknown,Bronchiolo-Alveolar Lung Carcinoma,Cell Line,Unknown,,,,,,,MSS,2.346019095,2.29652223844556,,71.45,,,905967,ACH-000837,NCIH322_LUNG,CVCL_1557,,NCI:NCI-H322M,NCI,NCI-H322M,Homo sapiens,Male,Unknown,,,,,,,Unknown,,,,,,,,,,,,,,,,,,,,,,,,Unknown,,,,,,,,,,,,,,,,,,,,,,,,,,,,,
SIDM00116,SIDS00842,SIDP00751,,NCI-H522,NCI-522,Lung,Non-Small Cell Lung Carcinoma,C3512,Tumour,Unknown,Lung Adenocarcinoma,Cell Line,Adherent,,,,,,,MSS,2.46582998,2.50793055601808,,32.16,,,905944,ACH-000343,NCIH522_LUNG,CVCL_1567,,NCI:NCI-H522,NCI,NCI-H522,Homo sapiens,Male,White,58.0,,,,,,Smoker,,,,,,,,,,,,,,,,,,,,,,,,,,,,,,,,,,,,,,,,,,,,,,,,,,,,,
SIDM00134,SIDS00821,SIDP00734,,HOP-92,,Lung,Non-Small Cell Lung Carcinoma,C2926,Unknown,Unknown,Non-Small Cell Lung Carcinoma,Cell Line,Unknown,,,,,,,MSS,3.995937759,4.36091564702204,,48.79,,,905973,ACH-000825,HOP92_LUNG,CVCL_1286,,NCI:HOP-92,NCI,HOP-92,Homo sapiens,Male,Unknown,,,,,,,Unknown,,,,,,,,,,,,,,,,,,,,,,,,Unknown,,,,,,,,,,,,,,,,,,,,,,,,,,,,,
SIDM00223,SIDS00600,SIDP00530,,IST-SL1,,Lung,Small Cell Lung Carcinoma,C4917,Metastasis,Unknown,Small Cell Lung Carcinoma,Cell Line,Semi-Adherent,,,,,,,MSS,3.241287842,3.37364471866269,,48.18,,,753564,ACH-002144,ISTSL1_LUNG,CVCL_1313,,ICLC:HTL97012,ICLC,HTL97012,Homo sapiens,Male,Unknown,,,,,,,Unknown,,,,,,,,,,,,,,,,,,,,,,,,Unknown,,,,,,,,,,,,,,,,,,,,,,,,,,,,,
SIDM00183,SIDS00640,SIDP00569,,LB647-SCLC,,Lung,Small Cell Lung Carcinoma,C4917,Unknown,Unknown,Small Cell Lung Carcinoma,Cell Line,Unknown,,,,,,,MSS,2.312882602,3.12277879103658,,79.58,,LB647-PBL is a matched normal line initiated by Epstein Barr virus (EBV) transformation from the same patient as LB647-SCLC.,753582,ACH-002154,LB647SCLC_LUNG,CVCL_1368,,,,,Homo sapiens,Male,Unknown,,,,,,,Unknown,,,,,,,,,,,,,,,,,,,,,,,,Unknown,,,,,,,,,,,,,,,,,,,,,,,,,,,,,
SIDM00222,SIDS00602,SIDP00532,,MPP-89,,Lung,Mesothelioma,C45662,Tumour,Unknown,Pleural Epithelioid Mesothelioma,Cell Line,Adherent,,,,,,,MSS,2.301488446,2.41936910960956,,39.21,,,908150,ACH-000319,MPP89_PLEURA,CVCL_1427,,ICLC:HTL00012,ICLC,HTL00012,Homo sapiens,Male,Unknown,67.0,,,,,,Unknown,,,,,,,,,,,,,,,,,,,,,,,,Unknown,,,,,,,,,,,,,,,,,,,,,,,,,,,,,
SIDM00245,SIDS00693,SIDP00619,,MS-1,MS-1-L,Lung,Small Cell Lung Carcinoma,C4917,Tumour,Unknown,Small Cell Lung Carcinoma,Cell Line,Suspension,,,,,,,MSS,2.093848293,2.1339291844427,,38.58,,,753594,ACH-001958,MS1_LUNG,CVCL_1429,,RIKEN:RCB0725,RIKEN,RCB0725,Homo sapiens,Male,East Asian,54.0,,,,,,Unknown,,,,,,,,,,,,,,,,,,,,,,,,Unknown,,,,,,,,,,,,,,,,,,,,,,,,,,,,,
SIDM00139,SIDS00837,SIDP00746,,NCI-H226,HUT-226,Lung,Mesothelioma,C45662,Metastasis,Pleural Effusion,Pleural Epithelioid Mesothelioma,Cell Line,Adherent,,,,,,,MSS,1.932464896,1.7885607575668503,,18.47,,,905941,ACH-000367,NCIH226_LUNG,CVCL_1544,,NCI:NCI-H226,NCI,NCI-H226,Homo sapiens,Male,Unknown,,,,,,,Unknown,,,,,,,,,,,,,,,,,,,,,,,,Unknown,,,,,,,,,,,,,,,,,,,,,,,,,,,,,
SIDM00138,SIDS00838,SIDP00747,,NCI-H23,,Lung,Non-Small Cell Lung Carcinoma,C3512,Tumour,Unknown,Lung Adenocarcinoma,Cell Line,Adherent,,,,,,,MSS,2.899808207,2.71829764190965,,117.39,,,905942,ACH-000900,NCIH23_LUNG,CVCL_1547,,NCI:NCI-H23,NCI,NCI-H23,Homo sapiens,Male,Black,51.0,,,,,,Smoker,,,,,,,,,,,,,,,,,,,,,,,,,,,,,,,,,,,,,,,,,,,,,,,,,,,,,
SIDM00237,SIDS00701,SIDP00627,,PC-14,,Lung,Non-Small Cell Lung Carcinoma,C3512,Tumour,Unknown,Lung Adenocarcinoma,Cell Line,Adherent,,,,,,,MSS,3.142265697,3.3368761752246803,,37.13,,"PC-14 has been shown to be a derivitive of PC-9 (RIKEN, ECACC).",753608,ACH-000030,PC14_LUNG,CVCL_1640,,RIKEN:RCB0446,RIKEN,RCB0446,Homo sapiens,Male,East Asian,,,,,,,Unknown,,,,,,,,,,,,,,,,,,,,,,,,Unknown,,,,,,,,,,,,,,,,,,,,,,,,,,,,,
SIDM00311,SIDS00882,SIDP00786,,NCI-H2810,,Lung,Mesothelioma,C45662,Unknown,Unknown,Pleural Epithelioid Mesothelioma,Cell Line,Unknown,,,,,,,MSS,3.11076623,3.2824982150842703,,29.05,,,1240137,ACH-002133,H2810_PLEURA,CVCL_U999,,NCI-Navy Medical Oncology Branch:NCI-H2810,NCI-Navy Medical Oncology Branch,NCI-H2810,Homo sapiens,Male,Unknown,,,,,,,Unknown,,,,,,,,,,,,,,,,,,,,,,,,Unknown,,,,,,,,,,,,,,,,,,,,,,,,,,,,,
SIDM00306,SIDS00672,SIDP00600,,IA-LM,,Lung,Non-Small Cell Lung Carcinoma,C4450,Metastasis,Skin,Large Cell Lung Carcinoma,Cell Line,Adherent,,,,,,,MSS,2.31124122,2.44173463362654,,54.79,,,910779,ACH-000672,IALM_LUNG,CVCL_1302,,RIKEN:RCB0554,RIKEN,RCB0554,Homo sapiens,Male,East Asian,68.0,,,,,,Unknown,,,,,,,,,,,,,,,,,,,,,,,,Unknown,,,,,,,,,,,,,,,,,,,,,,,,,,,,,
SIDM00230,SIDS00601,SIDP00531,,IST-SL2,,Lung,Small Cell Lung Carcinoma,C4917,Metastasis,Unknown,Small Cell Lung Carcinoma,Cell Line,Suspension,,,,,,,MSS,2.010770547,2.15944253352826,,53.05,,,753565,ACH-002145,ISTSL2_LUNG,CVCL_1314,,ICLC:HTL97010,ICLC,HTL97010,Homo sapiens,Male,Unknown,,,,,,,Unknown,,,,,,,,,,,,,,,,,,,,,,,,Unknown,,,,,,,,,,,,,,,,,,,,,,,,,,,,,
SIDM00341,SIDS01100,SIDP00989,,LOU-NH91,,Lung,Squamous Cell Lung Carcinoma,C3493,Tumour,Lower right lung lobe,Squamous Cell Lung Carcinoma,Cell Line,Adherent,,,,,,,MSS,2.119891313,4.2802403905087205,,22.45,,,1298226,ACH-000176,LOUNH91_LUNG,CVCL_2104,,DSMZ:ACC-393,DSMZ,ACC-393,Homo sapiens,Female,Unknown,64.0,,,,,,Unknown,,,,,,,,,,,,,,,,,,,,,,,,Unknown,,,,,,,,,,,,,,,,,,,,,,,,,,,,,
SIDM00294,SIDS00683,SIDP00610,,LU-135,NCC-c-Lu-135,Lung,Small Cell Lung Carcinoma,C4917,Tumour,Unknown,Small Cell Lung Carcinoma,Cell Line,Semi-Adherent,,,,,,,MSS,2.436547753,2.51171621906735,,56.95,,,713899,ACH-001549,LU135_LUNG,CVCL_1389,,RIKEN:RCB0468,RIKEN,RCB0468,Homo sapiens,Male,East Asian,69.0,,,,,,Unknown,,,,,,,,,,,,,,,,,,,,,,,,Unknown,,,,,,,,,,,,,,,,,,,,,,,,,,,,,
SIDM00292,SIDS00685,SIDP00612,,LU-165,,Lung,Small Cell Lung Carcinoma,C4917,Metastasis,Lymph Node,Small Cell Lung Carcinoma,Cell Line,Suspension,,,,,,,MSS,1.846327222,1.8839988951053697,,48.39,,,753589,ACH-002077,LU165_LUNG,CVCL_1391,,RIKEN:RCB1184,RIKEN,RCB1184,Homo sapiens,Male,East Asian,50.0,,,,,,Unknown,,,,,,,,,,,,,,,,,,,,,,,,Unknown,,,,,,,,,,,,,,,,,,,,,,,,,,,,,
SIDM00764,SIDS00253,SIDP00209,,NCI-H1882,,Lung,Small Cell Lung Carcinoma,C4917,Metastasis,Bone marrow,Small Cell Lung Carcinoma,Cell Line,Adherent,,,4.0,1988.0,10.1002/jcb.240630505,,,,,,,,NCI-H1876 & NCI-H1882 & NCI-H1881 have been derived from the same same patient. (NCI-Navy Medical Oncology Brance Cell Line Supplement DOI: 10.1002/jcb.240630505),753602,,,CVCL_1504,,ATCC:CRL-5903,ATCC,CRL-5903,Homo sapiens,Male,White,59.0,,,,,,Smoker,,,,,,,,,,,,,,,,,,,,,,,,Unknown,,,,,,,,,,,,,,,,,,,,,,,,,,,,,
SIDM00546,SIDS01012,SIDP00906,,LU-99,C-Lu99,Lung,Non-Small Cell Lung Carcinoma,C4452,Tumour,Unknown,Giant Cell Lung Carcinoma,Cell Line,Unknown,,,,,,,,,,,,,LU-99A is a subclone of LU-99.,,ACH-000444,LU99_LUNG,CVCL_3015,,JCRB:JCRB0080,JCRB,JCRB0080,Homo sapiens,Male,East Asian,63.0,,,,,,Unknown,,,,,,,,,,,,,,,,,,,,,,,,Unknown,,,,,,,,,,,,,,,,,,,,,,,,,,,,,
SIDM00297,SIDS00681,SIDP00608,,LC-2-ad,,Lung,Non-Small Cell Lung Carcinoma,C3512,Metastasis,Pleural Effusion,Lung Adenocarcinoma,Cell Line,Adherent,,,,,,,MSS,3.372390699,4.78169224379597,,43.37,,,907786,ACH-002157,LC2AD_LUNG,CVCL_1373,,RIKEN:RCC0440,RIKEN,RCC0440,Homo sapiens,Female,East Asian,51.0,,,,,,Unknown,,,,,,,,,,,,,,,,,,,,,,,,Unknown,,,,,,,,,,,,,,,,,,,,,,,,,,,,,
SIDM00119,SIDS00818,SIDP00731,,EKVX,,Lung,Non-Small Cell Lung Carcinoma,C3512,Tumour,Unknown,Lung Adenocarcinoma,Cell Line,Adherent,,,,,,,MSS,2.811285695,2.9055071900522704,,62.05,,,905970,ACH-000706,EKVX_LUNG,CVCL_1195,,NCI:EKVX,NCI,EKVX,Homo sapiens,Male,Unknown,,,,,,,Unknown,,,,,,,,,,,,,,,,,,,,,,,,Unknown,,,,,,,,,,,,,,,,,,,,,,,,,,,,,
SIDM00310,SIDS00881,SIDP00785,,NCI-H2804,,Lung,Mesothelioma,C7376,Unknown,Unknown,Malignant Pleural Mesothelioma,Cell Line,Unknown,,,,,,,MSS,3.243548874,3.21568035587175,,23.34,,,1240136,ACH-002132,H2804_PLEURA,CVCL_U998,,NCI-Navy Medical Oncology Branch:NCI-H2804,NCI-Navy Medical Oncology Branch,NCI-H2804,Homo sapiens,Male,Unknown,,,,,,,Unknown,,,,,,,,,,,,,,,,,,,,,,,,Unknown,,,,,,,,,,,,,,,,,,,,,,,,,,,,,
SIDM00339,SIDS01102,SIDP00991,,LXF-289,LXF 289L,Lung,Non-Small Cell Lung Carcinoma,C3512,Tumour,Unknown,Lung Adenocarcinoma,Cell Line,Adherent,,,,,,,MSS,2.878074509,3.011329497011109,,67.95,,,753592,ACH-000787,LXF289_LUNG,CVCL_1394,,DSMZ:ACC-265,DSMZ,ACC-265,Homo sapiens,Male,Unknown,63.0,,,,,,Unknown,,,,,,,,,,,,,,,,,,,,,,,,Unknown,,,,,,,,,,,,,,,,,,,,,,,,,,,,,
SIDM00357,SIDS01045,SIDP00938,,RERF-LC-FM,,Lung,Small Cell Lung Carcinoma,C4917,Unknown,Unknown,Small Cell Lung Carcinoma,Cell Line,Unknown,,,,,,,MSS,3.505100292,3.57115020184339,,61.84,,,930081,ACH-002193,RERFLCFM_LUNG,CVCL_1653,,JCRB:JCRB0102,JCRB,JCRB0102,Homo sapiens,Unknown,East Asian,,,,,,,Unknown,,,,,,,,,,,,,,,,,,,,,,,,Unknown,,,,,,,,,,,,,,,,,,,,,,,,,,,,,
SIDM00356,SIDS01046,SIDP00939,,RERF-LC-KJ,,Lung,Non-Small Cell Lung Carcinoma,C3512,Tumour,Unknown,Lung Adenocarcinoma,Cell Line,Unknown,,,,,,,MSS,2.720445452,3.05365024348907,,33.66,,,1298537,ACH-000482,RERFLCKJ_LUNG,CVCL_1654,,JCRB:JCRB0137,JCRB,JCRB0137,Homo sapiens,Male,Unknown,78.0,,,,,,Unknown,,,,,,,,,,,,,,,,,,,,,,,,Unknown,,,,,,,,,,,,,,,,,,,,,,,,,,,,,
SIDM00354,SIDS01048,SIDP00941,,RERF-LC-Sq1,,Lung,Squamous Cell Lung Carcinoma,C3493,Tumour,Lung,Squamous Cell Lung Carcinoma,Cell Line,Unknown,,,,,,,MSS,2.8917807860000004,3.024386243405,,39.08,,,1298538,ACH-000442,RERFLCSQ1_LUNG,CVCL_1656,,JCRB:JCRB1019,JCRB,JCRB1019,Homo sapiens,Female,East Asian,74.0,,,,,,Unknown,,,,,,,,,,,,,,,,,,,,,,,,Unknown,,,,,,,,,,,,,,,,,,,,,,,,,,,,,
SIDM00365,SIDS01053,SIDP00946,,SBC-1,,Lung,Small Cell Lung Carcinoma,C4917,Tumour,Unknown,Small Cell Lung Carcinoma,Cell Line,Unknown,,,,,,,MSS,3.234105158,3.647426680294741,,60.32,,SBC-1 and SBC-2 exhibit the same DNA profile (JCRB).,713885,ACH-002196,SBC1_LUNG,CVCL_1676,,JCRB:JCRB0816,JCRB,JCRB0816,Homo sapiens,Male,Unknown,,,,,,,Unknown,,,,,,,,,,,,,,,,,,,,,,,,Unknown,,,,,,,,,,,,,,,,,,,,,,,,,,,,,
SIDM00647,SIDS00218,SIDP00178,,NCI-H1870,,Lung,Small Cell Lung Carcinoma,C4917,Unknown,Unknown,Small Cell Lung Carcinoma,Cell Line,Suspension,,,,,,,,,,,,,NCI-H1870 and NCI-H1304 are known syonymous lines (ICLAC).,,,,CVCL_1502,,ATCC:CRL-5901,ATCC,CRL-5901,Homo sapiens,Female,Unknown,,,,,,,Unknown,,,,,,,,,,,,,,,,,,,,,,,,Unknown,,,,,,,,,,,,,,,,,,,,,,,,,,,,,
SIDM00642,SIDS00223,SIDP00182,,NCI-H1417,,Lung,Small Cell Lung Carcinoma,C4917,Tumour,Lung,Small Cell Lung Carcinoma,Cell Line,Suspension,,,5.0,1986.0,,,,3.307016946,,,,,,688001,ACH-001591,NCIH1417_LUNG,CVCL_1469,,ATCC:CRL-5869,ATCC,CRL-5869,Homo sapiens,Female,White,61.0,,,,,,Smoker,,,,,,,,,,,,,,,,,,,,,,,,Unknown,,,,,,,,,,,,,,,,,,,,,,,,,,,,,
SIDM00765,SIDS00252,SIDP00209,,NCI-H1881,,Lung,Small Cell Lung Carcinoma,C4917,Metastasis,Unknown,Small Cell Lung Carcinoma,Cell Line,Adherent,,,4.0,1988.0,10.1002/jcb.240630505,,,,,,,,NCI-H1876 & NCI-H1882 & NCI-H1881 have been derived from the same same patient. (NCI-Navy Medical Oncology Brance Cell Line Supplement DOI: 10.1002/jcb.240630505),,,,CVCL_A513,,unknown:unknown,unknown,unknown,Homo sapiens,Male,White,59.0,,,,,,Smoker,,,,,,,,,,,,,,,,,,,,,,,,Unknown,,,,,,,,,,,,,,,,,,,,,,,,,,,,,
SIDM00494,SIDS00948,SIDP00848,,ABC-1,,Lung,Non-Small Cell Lung Carcinoma,C3512,Metastasis,Pleural effusion,Lung Adenocarcinoma,Cell Line,Unknown,,,,,,,MSS,2.387710584,2.51067284132318,,47.97,,,906791,ACH-000528,ABC1_LUNG,CVCL_1066,,JCRB:JCRB0815,JCRB,JCRB0815,Homo sapiens,Male,Unknown,47.0,,,,,,Unknown,,,,,,,,,,,,,,,,,,,,,,,,Unknown,,,,,,,,,,,,,,,,,,,,,,,,,,,,,
SIDM00513,SIDS00890,SIDP00793,,COR-L105,,Lung,Non-Small Cell Lung Carcinoma,C3512,Metastasis,Pleural effusion,Lung Adenocarcinoma,Cell Line,Semi-Adherent,,,,,,,MSS,1.7356117269999998,1.76536048593927,,23.16,,,906805,ACH-000161,CORL105_LUNG,CVCL_1138,,ECACC:92031918,ECACC,92031918,Homo sapiens,Male,White,,,,,,,Unknown,,,,,,,,,,,,,,,,,,,,,,,,Unknown,,,,,,,,,,,,,,,,,,,,,,,,,,,,,
SIDM00512,SIDS00891,SIDP00794,,COR-L23,L23/P,Lung,Non-Small Cell Lung Carcinoma,C4450,Metastasis,Pleural effusion,Large Cell Lung Carcinoma,Cell Line,Adherent,,,,,,,MSS,2.216467274,4.69331335115866,,36.87,,COR-L23-R is a multi-drug resistant sub-line derived from the parent line COR-L23 after treatment with doxorubicin (ECACC). ,687780,ACH-000662,CORL23_LUNG,CVCL_1139,,ECACC:92031919,ECACC,92031919,Homo sapiens,Male,White,62.0,,,,,,Unknown,,,,,,,,,,,,,,,,,,,,,,,,Unknown,,,,,,,,,,,,,,,,,,,,,,,,,,,,,
SIDM00510,SIDS00893,SIDP00796,,COR-L303,,Lung,Small Cell Lung Carcinoma,C4917,Tumour,Unknown,Small Cell Lung Carcinoma,Cell Line,Suspension,,,,,,,MSS,3.174436647,3.30340410139806,,30.45,,,1297438,ACH-002095,CORL303_LUNG,CVCL_2411,,ECACC:96020722,ECACC,96020722,Homo sapiens,Female,Unknown,,,,,,,Unknown,,,,,,,,,,,,,,,,,,,,,,,,,,,,,,,,,,,,,,,,,,,,,,,,,,,,,
SIDM00507,SIDS00896,SIDP00799,,COR-L321,,Lung,Other Solid Cancers,C4878,Tumour,Unknown,Lung Carcinoma,Cell Line,Suspension,,,,,,,MSS,1.78796491,1.8711862757068405,,53.03,,,1322213,ACH-001490,CORL321_PLEURA,CVCL_2414,,ECACC:96020756,ECACC,96020756,Homo sapiens,Female,Unknown,58.0,,,,,,Unknown,,,,,,,,,,,,,,,,,,,,,,,,Chemotherapy,,,,,,,,,,,,,,,,,,,,,,,,,,,,,
SIDM00508,SIDS00895,SIDP00798,,COR-L32,,Lung,Squamous Cell Lung Carcinoma,C3493,Metastasis,Bone Marrow,Squamous Cell Lung Carcinoma,Cell Line,Suspension,,,,,,,MSS,2.738268864,3.01742924831604,,36.16,,,1322212,ACH-001489,CORL32_LUNG,CVCL_2413,,ECACC:96020744,ECACC,96020744,Homo sapiens,Unknown,Unknown,,,,,,,Unknown,,,,,,,,,,,,,,,,,,,,,,,,Unknown,,,,,,,,,,,,,,,,,,,,,,,,,,,,,
SIDM00506,SIDS00897,SIDP00800,,COR-L88,,Lung,Small Cell Lung Carcinoma,C4917,Metastasis,Pleural effusion,Small Cell Lung Carcinoma,Cell Line,Semi-Adherent,,,,,,,MSS,3.2892189860000003,3.43950734675558,,50.16,,,906808,ACH-000508,CORL88_LUNG,CVCL_1141,,ECACC:92031917,ECACC,92031917,Homo sapiens,Male,White,55.0,,,,,,Unknown,,,,,,,,,,,,,,,,,,,,,,,,Unknown,,,,,,,,,,,,,,,,,,,,,,,,,,,,,
SIDM00522,SIDS00899,SIDP00802,,DMS-273,,Lung,Small Cell Lung Carcinoma,C4917,Metastasis,Pleural effusion,Small Cell Lung Carcinoma,Cell Line,Adherent,,,,,,,MSS,2.732277803,2.6959026571146603,,41.95,,,687985,ACH-000749,DMS273_LUNG,CVCL_1176,,ECACC:95062830,ECACC,95062830,Homo sapiens,Female,Unknown,50.0,,,,,,Unknown,,,,,,,,,,,,,,,,,,,,,,,,Unknown,,,,,,,,,,,,,,,,,,,,,,,,,,,,,
SIDM00523,SIDS00900,SIDP00803,,DMS-53,,Lung,Small Cell Lung Carcinoma,C4917,Tumour,Unknown,Small Cell Lung Carcinoma,Cell Line,Adherent,,,,1974.0,,,MSS,2.648998418,2.80994189236627,,56.58,,,907295,ACH-000698,DMS53_LUNG,CVCL_1177,,ECACC:95062823,ECACC,95062823,Homo sapiens,Male,White,54.0,,,,,,Unknown,,,,,,,,,,,,,,,,,,,,,,,,,,,,,,,,,,,,,,,,,,,,,,,,,,,,,
SIDM00520,SIDS00883,SIDP00787,,NCI-H2818,,Lung,Mesothelioma,C45662,Unknown,Unknown,Pleural Epithelioid Mesothelioma,Cell Line,Unknown,,,,,,,MSS,3.376669848,3.43515165805554,,21.79,,,1290814,ACH-002134,H2818_PLEURA,CVCL_V000,,NCI-Navy Medical Oncology Branch:NCI-H2818,NCI-Navy Medical Oncology Branch,NCI-H2818,Homo sapiens,Male,Unknown,,,,,,,Unknown,,,,,,,,,,,,,,,,,,,,,,,,Unknown,,,,,,,,,,,,,,,,,,,,,,,,,,,,,
SIDM00519,SIDS00884,SIDP00788,,NCI-H2869,,Lung,Mesothelioma,C45665,Unknown,Unknown,Pleural Biphasic Mesothelioma,Cell Line,Unknown,,,,,,,MSS,1.680730749,1.73971983566978,,24.32,,,1240138,ACH-002135,H2869_PLEURA,CVCL_V001,,NCI-Navy Medical Oncology Branch:NCI-H2869,NCI-Navy Medical Oncology Branch,NCI-H2869,Homo sapiens,Male,Unknown,,,,,,,Unknown,,,,,,,,,,,,,,,,,,,,,,,,Unknown,,,,,,,,,,,,,,,,,,,,,,,,,,,,,
SIDM00518,SIDS00885,SIDP00789,,NCI-H290,H290: H-290;HUT-290,Lung,Mesothelioma,C7376,Unknown,Unknown,Malignant Pleural Mesothelioma,Cell Line,Unknown,,,,,,,MSS,3.1032656060000003,3.2413401954261296,,26.74,,,1240139,,,CVCL_A555,,NCI-Navy Medical Oncology Branch:NCI-H290,NCI-Navy Medical Oncology Branch,NCI-H290,Homo sapiens,Male,Unknown,,,,,,,Unknown,,,,,,,,,,,,,,,,,,,,,,,,Unknown,,,,,,,,,,,,,,,,,,,,,,,,,,,,,
SIDM00548,SIDS01010,SIDP00904,,LK-2,,Lung,Squamous Cell Lung Carcinoma,C3493,Tumour,Unknown,Squamous Cell Lung Carcinoma,Cell Line,Adherent,,,,,,,MSS,2.68877954,2.72256265848228,,52.39,,,687787,ACH-000769,LK2_LUNG,CVCL_1377,,JCRB:JCRB0829,JCRB,JCRB0829,Homo sapiens,Male,Unknown,74.0,,,,,,Unknown,,,,,,,,,,,,,,,,,,,,,,,,Unknown,,,,,,,,,,,,,,,,,,,,,,,,,,,,,
SIDM00547,SIDS01011,SIDP00905,,LU-65,LU-65M;C-Lu65,Lung,Non-Small Cell Lung Carcinoma,C4452,Tumour,Lung,Giant Cell Lung Carcinoma,Cell Line,Unknown,,,,,,,MSS,4.431119283,2.39005343440103,,48.45,,,724863,ACH-000438,LU65_LUNG,CVCL_1392,,JCRB:JCRB0079,JCRB,JCRB0079,Homo sapiens,Male,East Asian,64.0,,,,,,Unknown,,,,,,,,,,,,,,,,,,,,,,,,Unknown,,,,,,,,,,,,,,,,,,,,,,,,,,,,,
SIDM00911,SIDS00106,SIDP00084,,COLO-699,,Lung,Other Solid Cancers,C4878,Metastasis,Unknown,Lung Carcinoma,Cell Line,Adherent,,,,1986.0,,,,,,,,,HCMB and RPMI-7932 were both derived from the same patient (ATCC).;CHL-1 is a dervivative of RPMI-7932 (ATCC).;;COLO-699N (COLO-699) and COLO-738 were found to be indistinguishable from RPMI-7932 by STR profiling. All three cell lines were received from the same depositor (ECACC).,,ACH-001041,COLO699_LUNG,CVCL_1992,,DSMZ:ACC-196,DSMZ,ACC-196,Homo sapiens,Female,Unknown,57.0,,,,,,Unknown,,,,,,,,,,,,,,,,,,,,,,,,Unknown,,,,,,,,,,,,,,,,,,,,,,,,,,,,,
SIDM00912,SIDS00105,SIDP00084,,COLO-699N,,Lung,Other Solid Cancers,C4878,Metastasis,Unknown,Lung Carcinoma,Cell Line,Adherent,,,,,,,,,,,,,HCMB and RPMI-7932 were both derived from the same patient (ATCC).;CHL-1 is a dervivative of RPMI-7932 (ATCC).;;COLO-699N (COLO-699) and COLO-738 were found to be indistinguishable from RPMI-7932 by STR profiling. All three cell lines were received from the same depositor (ECACC).,1290774,,,CVCL_1993,,ECACC:93052608,ECACC,93052608,Homo sapiens,Female,Unknown,57.0,,,,,,Unknown,,,,,,,,,,,,,,,,,,,,,,,,Unknown,,,,,,,,,,,,,,,,,,,,,,,,,,,,,
SIDM00757,SIDS00260,SIDP00215,,NCI-H2073,,Lung,Non-Small Cell Lung Carcinoma,C3512,Tumour,Lung,Lung Adenocarcinoma,Cell Line,Adherent,,,11.0,1988.0,,,,,2.63720376678314,,38.87,,NCI-H1993 and NCI-H2073 were derived from the same patient (ATCC).,908478,ACH-000590,NCIH2073_LUNG,CVCL_1521,,ATCC:CRL-5918,ATCC,CRL-5918,Homo sapiens,Female,White,47.0,,,,,,Smoker,,,,,,,,,,,,,,,,,,,,,,,,Unknown,,,,,,,,,,,,,,,,,,,,,,,,,,,,,
SIDM00521,SIDS00898,SIDP00801,,COR-L95,,Lung,Small Cell Lung Carcinoma,C4917,Tumour,Bronchus,Small Cell Lung Carcinoma,Cell Line,Suspension,,,,,,,MSS,2.8650769360000004,2.91875747458535,,43.53,,,1297439,ACH-000743,CORL95_LUNG,CVCL_2418,,ECACC:96020733,ECACC,96020733,Homo sapiens,Male,Unknown,64.0,,,,,,Unknown,,,,,,,,,,,,,,,,,,,,,,,,Unknown,,,,,,,,,,,,,,,,,,,,,,,,,,,,,
SIDM00598,SIDS00960,SIDP00860,,HARA,KCC-C1,Lung,Squamous Cell Lung Carcinoma,C3493,Tumour,Unknown,Squamous Cell Lung Carcinoma,Cell Line,Unknown,,,,,,,MSS,2.776076334,2.9343756692035496,,92.95,,,1240142,ACH-000843,HARA_LUNG,CVCL_2914,,JCRB:JCRB1080.0,JCRB,JCRB1080.0,Homo sapiens,Male,East Asian,57.0,,,,,,Unknown,,,,,,,,,,,,,,,,,,,,,,,,Unknown,,,,,,,,,,,,,,,,,,,,,,,,,,,,,
SIDM00606,SIDS00991,SIDP00888,,KNS-62,,Lung,Squamous Cell Lung Carcinoma,C3493,Metastasis,Brain,Squamous Cell Lung Carcinoma,Cell Line,Adherent,,,,,,,MSS,2.506712832,2.6268622989121,,82.13,,,753569,ACH-000858,KNS62_LUNG,CVCL_1335,,JCRB:IFO50358,JCRB,IFO50358,Homo sapiens,Male,Unknown,49.0,,,,,,Unknown,,,,,,,,,,,,,,,,,,,,,,,,Unknown,,,,,,,,,,,,,,,,,,,,,,,,,,,,,
SIDM00653,SIDS00212,SIDP00173,,NCI-H1092,,Lung,Small Cell Lung Carcinoma,C4917,Metastasis,Bone marrow,Small Cell Lung Carcinoma,Cell Line,Suspension,,,6.0,1985.0,,,MSS,2.9106996730000003,2.89801279006895,,50.11,,,687997,ACH-000514,NCIH1092_LUNG,CVCL_1454,,ATCC:CRL-5855,ATCC,CRL-5855,Homo sapiens,Male,White,67.0,,,,,,Smoker,,,,,,,,,,,,,,,,,,,,,,,,Unknown,,,,,,,,,,,,,,,,,,,,,,,,,,,,,
SIDM00640,SIDS00206,SIDP00168,,MSTO-211H,,Lung,Mesothelioma,C45665,Metastasis,Pleural effusion,Pleural Biphasic Mesothelioma,Cell Line,Adherent,,,,1985.0,,,MSS,3.48918453,3.57677048822733,,31.5,,,908152,ACH-000335,MSTO211H_PLEURA,CVCL_1430,,ATCC:CRL-2081,ATCC,CRL-2081,Homo sapiens,Male,White,62.0,,,,,,Unknown,,,,,,,,,,,,,,,,,,,,,,,,,,,,,,,,,,,,,,,,,,,,,,,,,,,,,
SIDM00652,SIDS00213,SIDP00174,,NCI-H1105,,Lung,Small Cell Lung Carcinoma,C4917,Metastasis,Lymph node,Small Cell Lung Carcinoma,Cell Line,Suspension,,,,1985.0,,,MSS,3.241363992,3.37061245241791,,85.55,,,908468,ACH-000780,NCIH1105_LUNG,CVCL_1455,,ATCC:CRL-5856,ATCC,CRL-5856,Homo sapiens,Male,White,73.0,,,,,,Smoker,,,,,,,,,,,,,,,,,,,,,,,,Unknown,,,,,,,,,,,,,,,,,,,,,,,,,,,,,
SIDM00651,SIDS00214,SIDP00175,,NCI-H1155,NCI-1155,Lung,Non-Small Cell Lung Carcinoma,C4450,Metastasis,Lymph node,Large Cell Lung Carcinoma,Cell Line,Suspension,,,,,,,MSS,2.05543019,4.21722995961593,,202.5,,,908467,ACH-000980,NCIH1155_LUNG,CVCL_1456,,ATCC:CRL-5818,ATCC,CRL-5818,Homo sapiens,Male,White,36.0,,,,,,Smoker,,,,,,,,,,,,,,,,,,,,,,,,,,,,,,,,,,,,,,,,,,,,,,,,,,,,,
SIDM00650,SIDS00215,SIDP00176,,NCI-H128,NCI-128,Lung,Small Cell Lung Carcinoma,C4917,Metastasis,Pleural effusion,Small Cell Lung Carcinoma,Cell Line,Suspension,,,,,,,MSS,2.851627584,2.84169081516653,,52.34,,NCI-BL128 is a matched normal line initiated by Epstein Barr virus (EBV) transformation from the same patient as NCI-H128. (ATCC),753597,ACH-002286,NCIH128_LUNG,CVCL_1460,,ATCC:HTB-120,ATCC,HTB-120,Homo sapiens,Male,Black,60.0,,,,,,Smoker,,,,,,,,,,,,,,,,,,,,,,,,Unknown,,,,,,,,,,,,,,,,,,,,,,,,,,,,,
SIDM00649,SIDS00216,SIDP00177,,NCI-H1299,,Lung,Non-Small Cell Lung Carcinoma,C4450,Metastasis,Lymph node,Large Cell Lung Carcinoma,Cell Line,Adherent,,,,,,,MSS,4.750400096,5.04588150904199,,46.89,,,724831,ACH-000510,NCIH1299_LUNG,CVCL_0060,,ATCC:CRL-5803,ATCC,CRL-5803,Homo sapiens,Male,White,43.0,,,,,,Smoker,,,,,,,,,,,,,,,,,,,,,,,,Radiotherapy,,,,,,,,,,,,,,,,,,,,,,,,,,,,,
SIDM00648,SIDS00217,SIDP00178,,NCI-H1304,,Lung,Small Cell Lung Carcinoma,C4917,Unknown,Unknown,Small Cell Lung Carcinoma,Cell Line,Suspension,,,,,,,MSS,2.629505967,2.80577408574387,,30.79,,NCI-H1870 and NCI-H1304 are known syonymous lines (ICLAC).,753599,ACH-002169,NCIH1304_LUNG,CVCL_1462,,ATCC:CRL-5862,ATCC,CRL-5862,Homo sapiens,Female,Unknown,,,,,,,Unknown,,,,,,,,,,,,,,,,,,,,,,,,Unknown,,,,,,,,,,,,,,,,,,,,,,,,,,,,,
SIDM00645,SIDS00220,SIDP00180,,NCI-H1355,,Lung,Non-Small Cell Lung Carcinoma,C3512,Metastasis,Pleural effusion,Lung Adenocarcinoma,Cell Line,Suspension,,,3.0,1986.0,,,MSS,2.304485605,2.4077449356024,,56.16,,,724866,ACH-000666,NCIH1355_LUNG,CVCL_1464,,ATCC:CRL-5865,ATCC,CRL-5865,Homo sapiens,Male,White,53.0,,,,,,Smoker,,,,,,,,,,,,,,,,,,,,,,,,Unknown,,,,,,,,,,,,,,,,,,,,,,,,,,,,,
SIDM00658,SIDS00224,SIDP00183,,NCI-H1435,,Lung,Non-Small Cell Lung Carcinoma,C3512,Tumour,Lung,Lung Adenocarcinoma,Cell Line,Semi-Adherent,,,6.0,1986.0,,,MSS,1.856069597,1.89622480551354,,90.76,,,1298347,ACH-000852,NCIH1435_LUNG,CVCL_1470,,ATCC:CRL-5870,ATCC,CRL-5870,Homo sapiens,Female,Unknown,35.0,,,,,,Unknown,,,,,,,,,,,,,,,,,,,,,,,,Unknown,,,,,,,,,,,,,,,,,,,,,,,,,,,,,
SIDM00698,SIDS00227,SIDP00186,,NCI-H146,,Lung,Small Cell Lung Carcinoma,C4917,Metastasis,Bone marrow,Small Cell Lung Carcinoma,Cell Line,Suspension,,,,1979.0,,,MSS,2.9212273410000003,3.09015636806758,,45.03,,,910899,ACH-000506,NCIH146_LUNG,CVCL_1473,,ATCC:HTB-173,ATCC,HTB-173,Homo sapiens,Male,White,59.0,,,,,,Smoker,,,,,,,,,,,,,,,,,,,,,,,,Unknown,,,,,,,,,,,,,,,,,,,,,,,,,,,,,
SIDM00744,SIDS00235,SIDP00194,,NCI-H1651,,Lung,Non-Small Cell Lung Carcinoma,C3512,Tumour,Lung,Lung Adenocarcinoma,Cell Line,Adherent,,,5.0,1987.0,,,MSS,2.905446505,3.0573404598538705,,101.87,,,910900,ACH-000893,NCIH1651_LUNG,CVCL_1484,,ATCC:CRL-5884,ATCC,CRL-5884,Homo sapiens,Male,Unknown,71.0,,,,,,Unknown,,,,,,,,,,,,,,,,,,,,,,,,Unknown,,,,,,,,,,,,,,,,,,,,,,,,,,,,,
SIDM00742,SIDS00237,SIDP00196,,NCI-H1693,,Lung,Non-Small Cell Lung Carcinoma,C3512,Metastasis,Lymph node,Lung Adenocarcinoma,Cell Line,Adherent,,,7.0,1987.0,,,MSS,2.730169327,2.86471537024986,,42.13,,NCI-H1819 and the matched normal line NCI-BL1819 were derived from the same patient as NCI-H1693 following chemotherapy. (PMID: 8806092),687802,ACH-000021,NCIH1693_LUNG,CVCL_1488,,ATCC:CRL-5887,ATCC,CRL-5887,Homo sapiens,Female,White,55.0,,,,,,Smoker,,,,,,,,,,,,,,,,,,,,,,,,Unknown,,,,,,,,,,,,,,,,,,,,,,,,,,,,,
SIDM00740,SIDS00239,SIDP00198,,NCI-H1703,,Lung,Squamous Cell Lung Carcinoma,C3493,Tumour,Unknown,Squamous Cell Lung Carcinoma,Cell Line,Adherent,,,8.0,1987.0,,,MSS,2.31550571,2.34829765591772,,73.89,,,908474,ACH-000747,NCIH1703_LUNG,CVCL_1490,,ATCC:CRL-5889,ATCC,CRL-5889,Homo sapiens,Male,White,54.0,,,,,,Smoker,,,,,,,,,,,,,,,,,,,,,,,,Unknown,,,,,,,,,,,,,,,,,,,,,,,,,,,,,
SIDM00735,SIDS00264,SIDP00218,,NCI-H2029,,Lung,Small Cell Lung Carcinoma,C4917,Metastasis,Lymph node,Small Cell Lung Carcinoma,Cell Line,Adherent,,,9.0,1988.0,,,MSS,1.875258151,2.0171634570687,,41.76,,,688011,ACH-000298,NCIH2029_LUNG,CVCL_1516,,ATCC:CRL-5913,ATCC,CRL-5913,Homo sapiens,Female,White,69.0,,,,,,Smoker,,,,,,,,,,,,,,,,,,,,,,,,Unknown,,,,,,,,,,,,,,,,,,,,,,,,,,,,,
SIDM00711,SIDS00268,SIDP00221,,NCI-H2066,,Lung,Squamous Cell Lung Carcinoma,C3493,Tumour,Unknown,Squamous Cell Lung Carcinoma,Cell Line,Adherent,,,10.0,1988.0,,,MSS,2.408575741,2.39920926609961,,60.63,,,1330973,ACH-000727,NCIH2066_LUNG,CVCL_1520,,ATCC:CRL-5917,ATCC,CRL-5917,Homo sapiens,Female,White,70.0,,,,,,Unknown,,,,,,,,,,,,,,,,,,,,,,,,Unknown,,,,,,,,,,,,,,,,,,,,,,,,,,,,,
SIDM00709,SIDS00270,SIDP00223,,NCI-H2085,,Lung,Non-Small Cell Lung Carcinoma,C3512,Tumour,Unknown,Lung Adenocarcinoma,Cell Line,Adherent,,,11.0,1988.0,,,MSS,2.6727412740000003,2.92063514732189,,42.37,,,687812,ACH-000451,NCIH2085_LUNG,CVCL_1523,,ATCC:CRL-5921,ATCC,CRL-5921,Homo sapiens,Male,Unknown,45.0,,,,,,Unknown,,,,,,,,,,,,,,,,,,,,,,,,Unknown,,,,,,,,,,,,,,,,,,,,,,,,,,,,,
SIDM00699,SIDS00280,SIDP00230,,NCI-H2141,,Lung,Small Cell Lung Carcinoma,C4917,Metastasis,Lymph node,Small Cell Lung Carcinoma,Cell Line,Suspension,,,3.0,1989.0,,,MSS,2.826732837,2.94315301921139,,56.63,,NCI-BL2141 is a lymphoblastoid line from the same patient as NCI-H2141 (ATCC).,688014,ACH-001138,NCIH2141_LUNG,CVCL_1534,,ATCC:CRL-5927,ATCC,CRL-5927,Homo sapiens,Male,White,58.0,,,,,,Smoker,,,,,,,,,,,,,,,,,,,,,,,,Unknown,,,,,,,,,,,,,,,,,,,,,,,,,,,,,
SIDM00731,SIDS00286,SIDP00234,,NCI-H2196,,Lung,Small Cell Lung Carcinoma,C4917,Metastasis,Bone marrow,Small Cell Lung Carcinoma,Cell Line,Adherent,,,6.0,1989.0,,,MSS,1.733488039,1.80560001380094,,40.5,,,908481,ACH-000399,NCIH2196_LUNG,CVCL_1539,,ATCC:CRL-5932,ATCC,CRL-5932,Homo sapiens,Male,White,67.0,,,,,,Smoker,,,,,,,,,,,,,,,,,,,,,,,,Unknown,,,,,,,,,,,,,,,,,,,,,,,,,,,,,
SIDM00729,SIDS00288,SIDP00236,,NCI-H2228,,Lung,Non-Small Cell Lung Carcinoma,C3512,Tumour,Lung,Lung Adenocarcinoma,Cell Line,Adherent,,,8.0,1989.0,,,MSS,3.743530018,3.76262749695336,,30.11,,,687816,ACH-000447,NCIH2228_LUNG,CVCL_1543,,ATCC:CRL-5935,ATCC,CRL-5935,Homo sapiens,Female,Unknown,,,,,,,Unknown,,,,,,,,,,,,,,,,,,,,,,,,Unknown,,,,,,,,,,,,,,,,,,,,,,,,,,,,,
SIDM00728,SIDS00289,SIDP00237,,NCI-H2291,,Lung,Non-Small Cell Lung Carcinoma,C3512,Metastasis,Lymph node,Lung Adenocarcinoma,Cell Line,Adherent,,,1.0,1990.0,,,MSS,2.826900326,2.8580106187717003,,79.74,,,724874,ACH-000718,NCIH2291_LUNG,CVCL_1546,,ATCC:CRL-5939,ATCC,CRL-5939,Homo sapiens,Male,Unknown,,,,,,,Unknown,,,,,,,,,,,,,,,,,,,,,,,,Unknown,,,,,,,,,,,,,,,,,,,,,,,,,,,,,
SIDM01070,SIDS00523,SIDP00459,,HCC-366,HCC0366,Lung,Non-Small Cell Lung Carcinoma,C9133,Tumour,Unknown,Adenosquamous Lung Carcinoma,Cell Line,Adherent,,,,,,,MSS,3.445900706,2.45120297206823,,56.53,,,1240144,ACH-000840,HCC366_LUNG,CVCL_2059,,DSMZ:ACC-492,DSMZ,ACC-492,Homo sapiens,Female,Unknown,80.0,,,,,,Unknown,,,,,,,,,,,,,,,,,,,,,,,,Unknown,,,,,,,,,,,,,,,,,,,,,,,,,,,,,
SIDM00766,SIDS00251,SIDP00209,,NCI-H1876,,Lung,Small Cell Lung Carcinoma,C4917,Metastasis,Lymph node,Small Cell Lung Carcinoma,Cell Line,Adherent,,,4.0,1988.0,10.1002/jcb.240630505,,,2.412225694,,,,,NCI-H1876 & NCI-H1882 & NCI-H1881 have been derived from the same same patient. (NCI-Navy Medical Oncology Brance Cell Line Supplement DOI: 10.1002/jcb.240630505),1330972,ACH-000586,NCIH1876_LUNG,CVCL_1503,,ATCC:CRL-5902,ATCC,CRL-5902,Homo sapiens,Male,White,59.0,,,,,,Smoker,,,,,,,,,,,,,,,,,,,,,,,,Unknown,,,,,,,,,,,,,,,,,,,,,,,,,,,,,
SIDM00734,SIDS00226,SIDP00185,,NCI-H1437,,Lung,Non-Small Cell Lung Carcinoma,C3512,Metastasis,Pleural effusion,Lung Adenocarcinoma,Cell Line,Adherent,,,6.0,1986.0,,,MSS,2.848688544,2.98190914121243,,49.26,,NCI-BL1437 is a matched normal line initiated by Epstein Barr virus (EBV) transformation from the same patient as NCI-H1437. (ATCC),687794,ACH-000589,NCIH1437_LUNG,CVCL_1472,,ATCC:CRL-5872,ATCC,CRL-5872,Homo sapiens,Male,White,60.0,,,,,,Smoker,,,,,,,,,,,,,,,,,,,,,,,,Unknown,,,,,,,,,,,,,,,,,,,,,,,,,,,,,
SIDM00750,SIDS00229,SIDP00188,,NCI-H1568,,Lung,Non-Small Cell Lung Carcinoma,C3512,Metastasis,Lymph node,Lung Adenocarcinoma,Cell Line,Adherent,,,12.0,1986.0,,,MSS,2.500623586,2.6339938013969504,,120.74,,,1298348,ACH-000869,NCIH1568_LUNG,CVCL_1476,,ATCC:CRL-5876,ATCC,CRL-5876,Homo sapiens,Female,White,48.0,,,,,,Smoker,,,,,,,,,,,,,,,,,,,,,,,,Unknown,,,,,,,,,,,,,,,,,,,,,,,,,,,,,
SIDM00749,SIDS00230,SIDP00189,,NCI-H1573,,Lung,Non-Small Cell Lung Carcinoma,C3512,Metastasis,Soft tissue,Lung Adenocarcinoma,Cell Line,Adherent,,,12.0,1986.0,,,MSS,1.661882845,1.76038436574429,,188.66,,,908472,ACH-000916,NCIH1573_LUNG,CVCL_1478,,ATCC:CRL-5877,ATCC,CRL-5877,Homo sapiens,Female,White,35.0,,,,,,Smoker,,,,,,,,,,,,,,,,,,,,,,,,Unknown,,,,,,,,,,,,,,,,,,,,,,,,,,,,,
SIDM00748,SIDS00231,SIDP00190,,NCI-H1581,,Lung,Non-Small Cell Lung Carcinoma,C4450,Tumour,Lung,Large Cell Lung Carcinoma,Cell Line,Semi-Adherent,,,1.0,1987.0,,,MSS,3.189663341,1.711993281509,,35.13,,,908471,ACH-000015,NCIH1581_LUNG,CVCL_1479,,ATCC:CRL-5878,ATCC,CRL-5878,Homo sapiens,Male,White,44.0,,,,,,Smoker,,,,,,,,,,,,,,,,,,,,,,,,Unknown,,,,,,,,,,,,,,,,,,,,,,,,,,,,,
SIDM00747,SIDS00232,SIDP00191,,NCI-H1623,,Lung,Non-Small Cell Lung Carcinoma,C3512,Metastasis,Lymph node,Lung Adenocarcinoma,Cell Line,Semi-Adherent,,,4.0,1987.0,,,MSS,2.63487674,2.73690056085091,,76.45,,,687798,ACH-000744,NCIH1623_LUNG,CVCL_1481,,ATCC:CRL-5881,ATCC,CRL-5881,Homo sapiens,Male,White,58.0,,,,,,Smoker,,,,,,,,,,,,,,,,,,,,,,,,Unknown,,,,,,,,,,,,,,,,,,,,,,,,,,,,,
SIDM00746,SIDS00233,SIDP00192,,NCI-H1648,,Lung,Non-Small Cell Lung Carcinoma,C3512,Metastasis,Lymph node,Lung Adenocarcinoma,Cell Line,Adherent,,,5.0,1987.0,,,MSS,2.43707672,2.51426964088324,,82.74,,,687799,ACH-000766,NCIH1648_LUNG,CVCL_1482,,ATCC:CRL-5882,ATCC,CRL-5882,Homo sapiens,Male,Black,39.0,,,,,,Smoker,,,,,,,,,,,,,,,,,,,,,,,,Unknown,,,,,,,,,,,,,,,,,,,,,,,,,,,,,
SIDM00745,SIDS00234,SIDP00193,,NCI-H1650,H1650_CO,Lung,Non-Small Cell Lung Carcinoma,C2923,Metastasis,Pleural effusion,Bronchiolo-Alveolar Lung Carcinoma,Cell Line,Adherent,,,5.0,1987.0,,,MSS,1.991831895,2.0863621671100403,,21.53,,,687800,ACH-000035,NCIH1650_LUNG,CVCL_1483,,ATCC:CRL-5883,ATCC,CRL-5883,Homo sapiens,Male,White,27.0,,,,,,Smoker,,,,,,,,,,,,,,,,,,,,,,,,Unknown,,,,,,,,,,,,,,,,,,,,,,,,,,,,,
SIDM00743,SIDS00236,SIDP00195,,NCI-H1666,H1666_DA,Lung,Non-Small Cell Lung Carcinoma,C2923,Metastasis,Pleural effusion,Bronchiolo-Alveolar Lung Carcinoma,Cell Line,Semi-Adherent,,,6.0,1986.0,,,MSS,2.957840032,3.08992733585652,,40.47,,,908473,ACH-000448,NCIH1666_LUNG,CVCL_1485,,ATCC:CRL-5885,ATCC,CRL-5885,Homo sapiens,Female,White,50.0,,,,,,Unknown,,,,,,,,,,,,,,,,,,,,,,,,Unknown,,,,,,,,,,,,,,,,,,,,,,,,,,,,,
SIDM00792,SIDS00053,SIDP00041,,NCI-H1688,,Lung,Small Cell Lung Carcinoma,C4917,Metastasis,Liver,Small Cell Lung Carcinoma,Cell Line,Adherent,,,,,,,MSS,2.732902954,3.08127721579163,,78.32,,,1298349,ACH-002170,NCIH1688_LUNG,CVCL_1487,,ATCC:CCL-257,ATCC,CCL-257,Homo sapiens,Male,White,50.0,,,,,,Smoker,,,,,,,,,,,,,,,,,,,,,,,,,,,,,,,,,,,,,,,,,,,,,,,,,,,,,
SIDM00741,SIDS00238,SIDP00197,,NCI-H1694,,Lung,Small Cell Lung Carcinoma,C4917,Metastasis,Ascites,Small Cell Lung Carcinoma,Cell Line,Suspension,,,7.0,1987.0,,,MSS,2.403295752,2.51256482002541,,48.55,,,688006,ACH-000431,NCIH1694_LUNG,CVCL_1489,,ATCC:CRL-5888,ATCC,CRL-5888,Homo sapiens,Male,White,61.0,,,,,,Unknown,,,,,,,,,,,,,,,,,,,,,,,,Unknown,,,,,,,,,,,,,,,,,,,,,,,,,,,,,
SIDM00739,SIDS00240,SIDP00199,,NCI-H1734,,Lung,Non-Small Cell Lung Carcinoma,C3512,Tumour,Unknown,Lung Adenocarcinoma,Cell Line,Adherent,,,9.0,1987.0,,,MSS,2.492666737,2.62792063086546,,73.37,,,722058,ACH-000675,NCIH1734_LUNG,CVCL_1491,,ATCC:CRL-5891,ATCC,CRL-5891,Homo sapiens,Female,Unknown,56.0,,,,,,Unknown,,,,,,,,,,,,,,,,,,,,,,,,Unknown,,,,,,,,,,,,,,,,,,,,,,,,,,,,,
SIDM00738,SIDS00241,SIDP00200,,NCI-H1755,,Lung,Non-Small Cell Lung Carcinoma,C3512,Metastasis,Liver,Lung Adenocarcinoma,Cell Line,Semi-Adherent,,,10.0,1987.0,,,MSS,3.009254755,2.92324255131342,,36.97,,,908475,ACH-000282,NCIH1755_LUNG,CVCL_1492,,ATCC:CRL-5892,ATCC,CRL-5892,Homo sapiens,Female,White,65.0,,,,,,Smoker,,,,,,,,,,,,,,,,,,,,,,,,Unknown,,,,,,,,,,,,,,,,,,,,,,,,,,,,,
SIDM00768,SIDS00249,SIDP00207,,NCI-H1869,,Lung,Non-Small Cell Lung Carcinoma,C2926,Metastasis,Pleural effusion,Non-Small Cell Lung Carcinoma,Cell Line,Adherent,,,3.0,1988.0,,,MSS,3.774333342,4.16545016040367,,29.97,,,1240183,ACH-000894,NCIH1869_LUNG,CVCL_1500,,ATCC:CRL-5900,ATCC,CRL-5900,Homo sapiens,Male,White,58.0,,,,,,Smoker,,,,,,,,,,,,,,,,,,,,,,,,Chemotherapy;Radiotherapy,,,,,,,,,,,,,,,,,,,,,,,,,,,,,
SIDM00767,SIDS00250,SIDP00208,,NCI-H187,,Lung,Small Cell Lung Carcinoma,C4917,Metastasis,Pleural effusion,Small Cell Lung Carcinoma,Cell Line,Suspension,,,,,,,MSS,2.9699566980000003,3.0392122368750503,,61.29,,,688007,ACH-001136,NCIH187_LUNG,CVCL_1501,,ATCC:CRL-5804,ATCC,CRL-5804,Homo sapiens,Male,White,47.0,,,,,,Smoker,,,,,,,,,,,,,,,,,,,,,,,,Unknown,,,,,,,,,,,,,,,,,,,,,,,,,,,,,
SIDM00715,SIDS00265,SIDP00219,,NCI-H2030,,Lung,Non-Small Cell Lung Carcinoma,C3512,Metastasis,Lymph node,Lung Adenocarcinoma,Cell Line,Adherent,,,9.0,1988.0,,,MSS,2.114153336,3.9093645929265897,,47.0,,,722045,ACH-000521,NCIH2030_LUNG,CVCL_1517,,ATCC:CRL-5914,ATCC,CRL-5914,Homo sapiens,Male,Unknown,0.0,,,,,,Unknown,,,,,,,,,,,,,,,,,,,,,,,,Unknown,,,,,,,,,,,,,,,,,,,,,,,,,,,,,
SIDM00710,SIDS00269,SIDP00222,,NCI-H2081,,Lung,Small Cell Lung Carcinoma,C4917,Metastasis,Pleural effusion,Small Cell Lung Carcinoma,Cell Line,Suspension,,,11.0,1988.0,,,MSS,3.0503884560000003,3.16926890160073,,51.84,,,908480,ACH-000394,NCIH2081_LUNG,CVCL_1522,,ATCC:CRL-5920,ATCC,CRL-5920,Homo sapiens,Female,White,59.0,,,,,,Smoker,,,,,,,,,,,,,,,,,,,,,,,,Chemotherapy;Radiotherapy,,,,,,,,,,,,,,,,,,,,,,,,,,,,,
SIDM00708,SIDS00271,SIDP00224,,NCI-H2087,,Lung,Non-Small Cell Lung Carcinoma,C3512,Metastasis,Lymph node,Lung Adenocarcinoma,Cell Line,Adherent,,,11.0,1988.0,,,MSS,2.391760821,2.65716180316081,,61.87,,NCI-BL2087 is a lymphoblastoid line from the same patient as NCI-H2087 (ATCC).,724834,ACH-000841,NCIH2087_LUNG,CVCL_1524,,ATCC:CRL-5922,ATCC,CRL-5922,Homo sapiens,Male,White,69.0,,,,,,Smoker,,,,,,,,,,,,,,,,,,,,,,,,Unknown,,,,,,,,,,,,,,,,,,,,,,,,,,,,,
SIDM00706,SIDS00273,SIDP00225,,NCI-H209,,Lung,Small Cell Lung Carcinoma,C4917,Metastasis,Bone marrow,Small Cell Lung Carcinoma,Cell Line,Suspension,,,12.0,1979.0,,,MSS,3.943454621,1.99783908506558,,49.5,,NCI-BL209 is a lymphoblastoid line from the same patient as NCI-H209 (ATCC).,688013,ACH-000290,NCIH209_LUNG,CVCL_1525,,ATCC:HTB-172,ATCC,HTB-172,Homo sapiens,Male,White,55.0,,,,,,Unknown,,,,,,,,,,,,,,,,,,,,,,,,,,,,,,,,,,,,,,,,,,,,,,,,,,,,,
SIDM00704,SIDS00275,SIDP00226,,NCI-H211,,Lung,Small Cell Lung Carcinoma,C4917,Tumour,Unknown,Small Cell Lung Carcinoma,Cell Line,Suspension,,,1.0,1980.0,,,MSS,1.801945111,1.91952898252615,,56.39,,,1240189,ACH-000639,NCIH211_LUNG,CVCL_1529,,ATCC:CRL-5824,ATCC,CRL-5824,Homo sapiens,Female,White,50.0,,,,,,Smoker,,,,,,,,,,,,,,,,,,,,,,,,Chemotherapy;Radiotherapy,,,,,,,,,,,,,,,,,,,,,,,,,,,,,
SIDM00716,SIDS00282,SIDP00231,,NCI-H2170,,Lung,Squamous Cell Lung Carcinoma,C3493,Tumour,Unknown,Squamous Cell Lung Carcinoma,Cell Line,Adherent,,,4.0,1989.0,,,MSS,5.473141565,2.89250407069789,,36.89,,,687815,ACH-000481,NCIH2170_LUNG,CVCL_1535,,ATCC:CRL-5928,ATCC,CRL-5928,Homo sapiens,Male,Unknown,,,,,,,Unknown,,,,,,,,,,,,,,,,,,,,,,,,Unknown,,,,,,,,,,,,,,,,,,,,,,,,,,,,,
SIDM00733,SIDS00283,SIDP00232,,NCI-H2171,,Lung,Small Cell Lung Carcinoma,C4917,Metastasis,Pleural effusion,Small Cell Lung Carcinoma,Cell Line,Suspension,,,4.0,1989.0,,,MSS,1.809606521,1.84270174034072,,73.82,,NCI-BL2171 is a lymphoblastoid line from the same patient as NCI-H2171 (ATCC).,688015,ACH-000525,NCIH2171_LUNG,CVCL_1536,,ATCC:CRL-5929,ATCC,CRL-5929,Homo sapiens,Male,White,50.0,,,,,,Smoker,,,,,,,,,,,,,,,,,,,,,,,,Chemotherapy;Radiotherapy,,,,,,,,,,,,,,,,,,,,,,,,,,,,,
SIDM00730,SIDS00287,SIDP00235,,NCI-H2227,,Lung,Small Cell Lung Carcinoma,C4917,Tumour,Unknown,Small Cell Lung Carcinoma,Cell Line,Semi-Adherent,,,8.0,1989.0,,,MSS,2.508879449,2.55615128221633,,49.87,,,688018,ACH-000610,NCIH2227_LUNG,CVCL_1542,,ATCC:CRL-5934,ATCC,CRL-5934,Homo sapiens,Male,White,54.0,,,,,,Smoker,,,,,,,,,,,,,,,,,,,,,,,,Unknown,,,,,,,,,,,,,,,,,,,,,,,,,,,,,
SIDM00727,SIDS00290,SIDP00238,,NCI-H2342,,Lung,Non-Small Cell Lung Carcinoma,C3512,Tumour,Unknown,Lung Adenocarcinoma,Cell Line,Adherent,,,4.0,1990.0,,,MSS,3.663892516,4.73684976523403,,240.76,,,687819,ACH-000951,NCIH2342_LUNG,CVCL_1549,,ATCC:CRL-5941,ATCC,CRL-5941,Homo sapiens,Male,White,55.0,,,,,,Unknown,,,,,,,,,,,,,,,,,,,,,,,,Unknown,,,,,,,,,,,,,,,,,,,,,,,,,,,,,
SIDM00726,SIDS00291,SIDP00239,,NCI-H2347,,Lung,Non-Small Cell Lung Carcinoma,C3512,Tumour,Unknown,Lung Adenocarcinoma,Cell Line,Adherent,,,5.0,1990.0,,,MSS,3.756108677,3.8612696204444106,,124.29,,NCI-BL2347 is a lymphoblastoid line from the same patient as NCI-H2347 (ATCC).,687820,ACH-000875,NCIH2347_LUNG,CVCL_1550,,ATCC:CRL-5942,ATCC,CRL-5942,Homo sapiens,Female,White,54.0,,,,,,Unknown,,,,,,,,,,,,,,,,,,,,,,,,Unknown,,,,,,,,,,,,,,,,,,,,,,,,,,,,,
SIDM00723,SIDS00294,SIDP00241,,NCI-H2444,,Lung,Non-Small Cell Lung Carcinoma,C2926,Tumour,Unknown,Non-Small Cell Lung Carcinoma,Cell Line,Adherent,,,11.0,1990.0,,,MSS,2.361224437,2.59656518488413,,39.53,,,1298356,ACH-000186,NCIH2444_LUNG,CVCL_1552,,ATCC:CRL-5945,ATCC,CRL-5945,Homo sapiens,Male,Unknown,,,,,,,Unknown,,,,,,,,,,,,,,,,,,,,,,,,Unknown,,,,,,,,,,,,,,,,,,,,,,,,,,,,,
SIDM00722,SIDS00295,SIDP00242,,NCI-H2452,,Lung,Mesothelioma,C45665,Tumour,Unknown,Pleural Biphasic Mesothelioma,Cell Line,Adherent,,,11.0,1990.0,,,MSS,3.309633959,3.3510985426935203,,22.08,,,908462,ACH-000092,NCIH2452_PLEURA,CVCL_1553,,ATCC:CRL-5946,ATCC,CRL-5946,Homo sapiens,Male,Unknown,,,,,,,Unknown,,,,,,,,,,,,,,,,,,,,,,,,Unknown,,,,,,,,,,,,,,,,,,,,,,,,,,,,,
SIDM01152,SIDS00370,SIDP00314,,RERF-LC-MA,,Lung,Squamous Cell Lung Carcinoma,C3493,Metastasis,Pleural Effusion,Squamous Cell Lung Carcinoma,Cell Line,Adherent,,,,,,,,,,,,,RERF-LC-MA has the same DNA profile as lung squamous carcinoma cell line SK-MES-1 (JCRB).,,,,CVCL_3153,,JCRB:812,JCRB,812,Homo sapiens,Male,White,65.0,,,,,,Unknown,,,,,,,,,,,,,,,,,,,,,,,,Unknown,,,,,,,,,,,,,,,,,,,,,,,,,,,,,
SIDM00810,SIDS00071,SIDP00056,,A427,,Lung,Non-Small Cell Lung Carcinoma,C3512,Tumour,Lung,Lung Adenocarcinoma,Cell Line,Adherent,,,,,,,MSS,3.1264418910000003,3.22368855369452,,53.03,,,910851,ACH-000757,A427_LUNG,CVCL_1055,,ATCC:HTB-53,ATCC,HTB-53,Homo sapiens,Male,White,52.0,,,,,,Unknown,,,,,,,,,,,,,,,,,,,,,,,,Unknown,,,,,,,,,,,,,,,,,,,,,,,,,,,,,
SIDM00751,SIDS00228,SIDP00187,,NCI-H1563,,Lung,Non-Small Cell Lung Carcinoma,C3512,Tumour,Lung,Lung Adenocarcinoma,Cell Line,Adherent,,,12.0,1986.0,,,MSS,3.672370747,3.64296116624875,,92.71,,,753600,ACH-000892,NCIH1563_LUNG,CVCL_1475,,ATCC:CRL-5875,ATCC,CRL-5875,Homo sapiens,Male,Unknown,0.0,,,,,,Unknown,,,,,,,,,,,,,,,,,,,,,,,,Unknown,,,,,,,,,,,,,,,,,,,,,,,,,,,,,
SIDM00771,SIDS00245,SIDP00203,,NCI-H1792,,Lung,Non-Small Cell Lung Carcinoma,C3512,Metastasis,Pleural effusion,Lung Adenocarcinoma,Cell Line,Adherent,,,,1987.0,,,MSS,2.163915823,2.36126022914042,,38.39,,,724868,ACH-000496,NCIH1792_LUNG,CVCL_1495,,ATCC:CRL-5895,ATCC,CRL-5895,Homo sapiens,Male,White,50.0,,,,,,Smoker,,,,,,,,,,,,,,,,,,,,,,,,Unknown,,,,,,,,,,,,,,,,,,,,,,,,,,,,,
SIDM00755,SIDS00246,SIDP00204,,NCI-H1793,,Lung,Non-Small Cell Lung Carcinoma,C3512,Tumour,Unknown,Lung Adenocarcinoma,Cell Line,Adherent,,,12.0,1987.0,,,MSS,3.21613952,3.38284108385409,,136.11,,,908463,ACH-000888,NCIH1793_LUNG,CVCL_1496,,ATCC:CRL-5896,ATCC,CRL-5896,Homo sapiens,Female,Unknown,52.0,,,,,,Unknown,,,,,,,,,,,,,,,,,,,,,,,,Unknown,,,,,,,,,,,,,,,,,,,,,,,,,,,,,
SIDM00769,SIDS00248,SIDP00206,,NCI-H1838,,Lung,Non-Small Cell Lung Carcinoma,C3512,Tumour,Unknown,Lung Adenocarcinoma,Cell Line,Adherent,,,2.0,1988.0,,,MSS,2.7480329610000003,3.05335261687968,,76.47,,,687807,ACH-000733,NCIH1838_LUNG,CVCL_1499,,ATCC:CRL-5899,ATCC,CRL-5899,Homo sapiens,Female,Unknown,0.0,,,,,,Unknown,,,,,,,,,,,,,,,,,,,,,,,,Unknown,,,,,,,,,,,,,,,,,,,,,,,,,,,,,
SIDM00763,SIDS00254,SIDP00210,,NCI-H1915,,Lung,Non-Small Cell Lung Carcinoma,C2926,Metastasis,Brain,Non-Small Cell Lung Carcinoma,Cell Line,Adherent,,,4.0,1988.0,,,MSS,2.00929627,2.15690261899646,,65.37,,,1240184,ACH-000434,NCIH1915_LUNG,CVCL_1505,,ATCC:CRL-5904,ATCC,CRL-5904,Homo sapiens,Female,White,61.0,,,,,,Unknown,,,,,,,,,,,,,,,,,,,,,,,,Unknown,,,,,,,,,,,,,,,,,,,,,,,,,,,,,
SIDM00761,SIDS00256,SIDP00212,,NCI-H196,,Lung,Small Cell Lung Carcinoma,C4917,Metastasis,Pleural effusion,Small Cell Lung Carcinoma,Cell Line,Adherent,,,10.0,1979.0,,,MSS,2.351384787,2.52204972726749,,59.32,,,1240186,ACH-000752,NCIH196_LUNG,CVCL_1509,,ATCC:CRL-5823,ATCC,CRL-5823,Homo sapiens,Male,White,68.0,,,,,,Unknown,,,,,,,,,,,,,,,,,,,,,,,,Chemotherapy;Radiotherapy,,,,,,,,,,,,,,,,,,,,,,,,,,,,,
SIDM00759,SIDS00258,SIDP00214,,NCI-H1975,,Lung,Non-Small Cell Lung Carcinoma,C3512,Tumour,Unknown,Lung Adenocarcinoma,Cell Line,Adherent,,,7.0,1988.0,,,MSS,2.829888661,2.94665634476397,,41.18,,,924244,ACH-000587,NCIH1975_LUNG,CVCL_1511,,ATCC:CRL-5908,ATCC,CRL-5908,Homo sapiens,Female,Unknown,,,,,,,Unknown,,,,,,,,,,,,,,,,,,,,,,,,Unknown,,,,,,,,,,,,,,,,,,,,,,,,,,,,,
SIDM00756,SIDS00261,SIDP00216,,NCI-H2009,,Lung,Non-Small Cell Lung Carcinoma,C3512,Metastasis,Lymph node,Lung Adenocarcinoma,Cell Line,Adherent,,,8.0,1988.0,,,MSS,4.772955726,2.35159876677019,,108.37,,NCI-BL2009 is a lymphoblastoid line derived from the same patient as NCI-H2009 (ATCC).,724873,ACH-000886,NCIH2009_LUNG,CVCL_1514,,ATCC:CRL-5911,ATCC,CRL-5911,Homo sapiens,Female,White,68.0,,,,,,Smoker,,,,,,,,,,,,,,,,,,,,,,,,Chemotherapy;Radiotherapy,,,,,,,,,,,,,,,,,,,,,,,,,,,,,
SIDM00753,SIDS00263,SIDP00217,,NCI-H2023,,Lung,Squamous Cell Lung Carcinoma,C3493,Metastasis,Lymph node,Squamous Cell Lung Carcinoma,Cell Line,Adherent,,,9.0,1988.0,,,MSS,2.470210817,2.6917974301805003,,75.55,,,1240187,ACH-000781,NCIH2023_LUNG,CVCL_1515,,ATCC:CRL-5912,ATCC,CRL-5912,Homo sapiens,Male,White,26.0,,,,,,Unknown,,,,,,,,,,,,,,,,,,,,,,,,Unknown,,,,,,,,,,,,,,,,,,,,,,,,,,,,,
SIDM00775,SIDS00051,SIDP00040,,NCI-H2126,,Lung,Non-Small Cell Lung Carcinoma,C2926,Metastasis,Peripheral Blood,Non-Small Cell Lung Carcinoma,Cell Line,Adherent,,,,,,,MSS,3.240438668,3.4033416075471097,,93.0,,NCI-BL2126 is a B-lymphoblastoid cell line initiated by Epstein Barr virus (EBV) transformation of peripheral blood lymphocytes obtained from the same patient as NCI-H2126 (ATCC).,687814,ACH-000785,NCIH2126_LUNG,CVCL_1532,,ATCC:CCL-256,ATCC,CCL-256,Homo sapiens,Male,White,65.0,,,,,,Unknown,,,,,,,,,,,,,,,,,,,,,,,,Unknown,,,,,,,,,,,,,,,,,,,,,,,,,,,,,
SIDM01118,SIDS00316,SIDP00263,,NCI-H740,,Lung,Small Cell Lung Carcinoma,C4917,Metastasis,Lymph node,Small Cell Lung Carcinoma,Cell Line,Suspension,,,6.0,1984.0,,,MSS,3.286186262,3.42455320467004,,73.95,,,1331055,ACH-002175,NCIH740_LUNG,CVCL_1586,,ATCC:CRL-5840,ATCC,CRL-5840,Homo sapiens,Male,White,63.0,,,,,,Smoker,,,,,,,,,,,,,,,,,,,,,,,,Unknown,,,,,,,,,,,,,,,,,,,,,,,,,,,,,
SIDM01204,SIDS00891,SIDP00794,SIDM00512,COR-L23-R,,Lung,Non-Small Cell Lung Carcinoma,C4450,Metastasis,Pleural effusion,Large Cell Lung Carcinoma,Cell Line,Unknown,,,,,,,,,,,,,COR-L23-R is a multi-drug resistant sub-line derived from the parent line COR-L23 after treatment with doxorubicin (ECACC). ,,,,CVCL_2008,,ECACC:96042339,ECACC,96042339,Homo sapiens,Male,White,62.0,,,,,,Unknown,,,,,,,,,,,,,,,,,,,,,,,,Unknown,,,,,,,,,,,,,,,,,,,,,,,,,,,,,
SIDM00903,SIDS00075,SIDP00060,,A549,NCI-A549;A549/ATCC;hA549,Lung,Non-Small Cell Lung Carcinoma,C3512,Tumour,Unknown,Lung Adenocarcinoma,Cell Line,Adherent,,,,1972.0,,,MSS,2.761944611,2.79017000501461,,39.18,,"The human umbilical vein cell line, EA.hy926, was established by fusing primary human umbilical vein cells with a thioguanine-resistant clone of A549 by exposure to polyethylene glycol (PEG). Hybrid clones were selected in HAT medium and screened for factor VIII-related antigen. (ATCC)",905949,ACH-000681,A549_LUNG,CVCL_0023,,NCI:A549,NCI,A549,Homo sapiens,Male,White,58.0,,,,,,Unknown,,,,,,,,,,,,,,,,,,,,,,,,Unknown,,,,,,,,,,,,,,,,,,,,,,,,,,,,,
SIDM00865,SIDS00114,SIDP00091,,DMS-114,,Lung,Small Cell Lung Carcinoma,C4917,Tumour,Unknown,Small Cell Lung Carcinoma,Cell Line,Adherent,,,,,,,MSS,2.893369504,3.0242989137255605,,36.39,,,687983,ACH-000530,DMS114_LUNG,CVCL_1174,,ATCC:CRL-2066,ATCC,CRL-2066,Homo sapiens,Male,White,68.0,,,,,,Unknown,,,,,,,,,,,,,,,,,,,,,,,,Unknown,,,,,,,,,,,,,,,,,,,,,,,,,,,,,
SIDM00939,SIDS00468,SIDP00405,,CAL-12T,,Lung,Non-Small Cell Lung Carcinoma,C2926,Tumour,Unknown,Non-Small Cell Lung Carcinoma,Cell Line,Adherent,,,,1981.0,,,MSS,2.4042772,2.55482977728895,,75.87,,,753540,ACH-000826,CAL12T_LUNG,CVCL_1105,,DSMZ:ACC-443,DSMZ,ACC-443,Homo sapiens,Male,Unknown,,,,,,,Unknown,,,,,,,,,,,,,,,,,,,,,,,,Unknown,,,,,,,,,,,,,,,,,,,,,,,,,,,,,
SIDM00953,SIDS00491,SIDP00428,,CPC-N,,Lung,Small Cell Lung Carcinoma,C4917,Metastasis,Pleural Effusion,Small Cell Lung Carcinoma,Cell Line,Suspension,,,,1987.0,,,MSS,2.069793945,2.1430476856033605,,45.47,,,753547,ACH-001049,CPCN_LUNG,CVCL_1146,,DSMZ:ACC-306,DSMZ,ACC-306,Homo sapiens,Male,Unknown,,,,,,,Unknown,,,,,,,,,,,,,,,,,,,,,,,,Unknown,,,,,,,,,,,,,,,,,,,,,,,,,,,,,
SIDM00924,SIDS00101,SIDP00083,,ChaGo-K-1,,Lung,Other Solid Cancers,C35875,Tumour,Bronchus,Bronchogenic Carcinoma,Cell Line,Adherent,,,,,,,MSS,2.13539469,2.26427361641114,,76.05,,,687596,ACH-000867,CHAGOK1_LUNG,CVCL_1121,,ATCC:HTB-168,ATCC,HTB-168,Homo sapiens,Male,Unknown,45.0,,,,,,Unknown,,,,,,,,,,,,,,,,,,,,,,,,Unknown,,,,,,,,,,,,,,,,,,,,,,,,,,,,,
SIDM00925,SIDS00301,SIDP00248,,NCI-H441,NCI-H441-4;NCI-441,Lung,Non-Small Cell Lung Carcinoma,C5650,Metastasis,Pericardial fluid,Papillary Lung Adenocarcinoma,Cell Line,Adherent,,,,1982.0,,,MSS,2.670447857,2.78882126747867,,58.21,,,908460,ACH-000638,NCIH441_LUNG,CVCL_1561,,ATCC:HTB-174,ATCC,HTB-174,Homo sapiens,Male,Unknown,,,,,,,Unknown,,,,,,,,,,,,,,,,,,,,,,,,Unknown,,,,,,,,,,,,,,,,,,,,,,,,,,,,,
SIDM00965,SIDS00302,SIDP00249,,NCI-H446,NCI-446,Lung,Small Cell Lung Carcinoma,C4917,Metastasis,Pleural effusion,Small Cell Lung Carcinoma,Cell Line,Semi-Adherent,,,,1982.0,,,MSS,3.113513859,3.09155597593207,,78.45,,,688023,ACH-000800,NCIH446_LUNG,CVCL_1562,,ATCC:HTB-171,ATCC,HTB-171,Homo sapiens,Male,White,61.0,,,,,,Smoker,,,,,,,,,,,,,,,,,,,,,,,,Unknown,,,,,,,,,,,,,,,,,,,,,,,,,,,,,
SIDM00927,SIDS00303,SIDP00250,,NCI-H510A,,Lung,Small Cell Lung Carcinoma,C4917,Metastasis,Adrenal Gland,Small Cell Lung Carcinoma,Cell Line,Semi-Adherent,,,,1982.0,,,MSS,2.689424648,2.83220469227626,,121.84,,,753605,ACH-000871,NCIH510_LUNG,CVCL_1565,,ATCC:HTB-184,ATCC,HTB-184,Homo sapiens,Male,White,56.0,,,,,,Unknown,,,,,,,,,,,,,,,,,,,,,,,,Unknown,,,,,,,,,,,,,,,,,,,,,,,,,,,,,
SIDM01231,SIDS00671,SIDP00599,SIDM00307,GT3TKB,,Lung,Squamous Cell Lung Carcinoma,C3493,Tumour,Unknown,Squamous Cell Lung Carcinoma,Cell Line,Adherent,,,,,,,,2.22837676,,,,,GT3TKB has been shown to be cross contaminated with cell line RERF-LC-AI (PMID: 16643607).,907041,ACH-002122,GT3TKB_STOMACH,CVCL_1237,,RIKEN:RCB0885,RIKEN,RCB0885,Homo sapiens,Male,East Asian,,,,,,,Unknown,,,,,,,,,,,,,,,,,,,,,,,,Unknown,,,,,,,,,,,,,,,,,,,,,,,,,,,,,
SIDM01071,SIDS00522,SIDP00458,,HCC-33,HCC0033,Lung,Small Cell Lung Carcinoma,C4917,Tumour,Pleural effusion,Small Cell Lung Carcinoma,Cell Line,Adherent,,,,,,,MSS,2.88843558,3.0198563931115494,,43.26,,,1303901,ACH-000515,HCC33_LUNG,CVCL_2058,,DSMZ:ACC-487,DSMZ,ACC-487,Homo sapiens,Male,Unknown,52.0,,,,,,Unknown,,,,,,,,,,,,,,,,,,,,,,,,Unknown,,,,,,,,,,,,,,,,,,,,,,,,,,,,,
SIDM01067,SIDS00526,SIDP00462,,HCC-827,HCC0827,Lung,Non-Small Cell Lung Carcinoma,C3512,Tumour,Lung,Lung Adenocarcinoma,Cell Line,Adherent,,,,,,,MSS,2.843758412,3.06026481280526,,38.34,,HCC-827-GR5 is a Gefitinib resistant clone of HCC-827. (10.1126/science.1141478).,1240146,ACH-000012,HCC827_LUNG,CVCL_2063,,DSMZ:ACC-566,DSMZ,ACC-566,Homo sapiens,Female,Unknown,39.0,,,,,,Unknown,,,,,,,,,,,,,,,,,,,,,,,,Unknown,,,,,,,,,,,,,,,,,,,,,,,,,,,,,
SIDM00926,SIDS00285,SIDP00233,,NCI-H2172,,Lung,Non-Small Cell Lung Carcinoma,C2926,Tumour,Unknown,Non-Small Cell Lung Carcinoma,Cell Line,Adherent,,,5.0,1989.0,,,MSS,4.230089926000001,4.23987113801053,,142.47,,,1298353,ACH-000924,NCIH2172_LUNG,CVCL_1537,,ATCC:CRL-5930,ATCC,CRL-5930,Homo sapiens,Female,Unknown,,,,,,,Unknown,,,,,,,,,,,,,,,,,,,,,,,,Unknown,,,,,,,,,,,,,,,,,,,,,,,,,,,,,
SIDM01078,SIDS00356,SIDP00301,,SHP-77,,Lung,Small Cell Lung Carcinoma,C4917,Tumour,Lung,Small Cell Lung Carcinoma,Cell Line,Semi-Adherent,,,,1977.0,,,MSS,2.019700793,2.28365304755273,,70.24,,,724872,ACH-000790,SHP77_LUNG,CVCL_1693,,ATCC:CRL-2195,ATCC,CRL-2195,Homo sapiens,Male,White,54.0,,,,,,Unknown,,,,,,,,,,,,,,,,,,,,,,,,Unknown,,,,,,,,,,,,,,,,,,,,,,,,,,,,,
SIDM01130,SIDS00304,SIDP00251,,NCI-H520,NCI-HUT-520,Lung,Squamous Cell Lung Carcinoma,C3493,Tumour,Lung ,Squamous Cell Lung Carcinoma,Cell Line,Adherent,,,,1982.0,,,MSS,4.633640102,2.82028122085746,,36.42,,,908443,ACH-000395,NCIH520_LUNG,CVCL_1566,,ATCC:HTB-182,ATCC,HTB-182,Homo sapiens,Male,Unknown,,,,,,,Unknown,,,,,,,,,,,,,,,,,,,,,,,,Unknown,,,,,,,,,,,,,,,,,,,,,,,,,,,,,
SIDM01127,SIDS00307,SIDP00254,,NCI-H596,NCI-HUT-596,Lung,Non-Small Cell Lung Carcinoma,C9133,Tumour,Chest wall,Adenosquamous Lung Carcinoma,Cell Line,Adherent,,,,1983.0,,,MSS,2.9896405510000004,3.0877071444378297,,44.97,,,908459,ACH-000628,NCIH596_LUNG,CVCL_1571,,ATCC:HTB-178,ATCC,HTB-178,Homo sapiens,Male,White,73.0,,,,,,Unknown,,,,,,,,,,,,,,,,,,,,,,,,,,,,,,,,,,,,,,,,,,,,,,,,,,,,,
SIDM01125,SIDS00309,SIDP00256,,NCI-H647,H647ell,Lung,Non-Small Cell Lung Carcinoma,C9133,Metastasis,Pleural effusion,Adenosquamous Lung Carcinoma,Cell Line,Adherent,,,10.0,1983.0,,,MSS,3.17418743,3.31533051959758,,52.37,,,1240191,ACH-000378,NCIH647_LUNG,CVCL_1574,,ATCC:CRL-5834,ATCC,CRL-5834,Homo sapiens,Male,White,56.0,,,,,,Unknown,,,,,,,,,,,,,,,,,,,,,,,,Unknown,,,,,,,,,,,,,,,,,,,,,,,,,,,,,
SIDM01126,SIDS00308,SIDP00255,,NCI-H64,,Lung,Small Cell Lung Carcinoma,C4917,Tumour,Unknown,Small Cell Lung Carcinoma,Cell Line,Suspension,,,5.0,1977.0,,,MSS,3.5687544960000004,3.73641190589867,,73.97,,,688026,ACH-001599,NCIH64_LUNG,CVCL_1573,,ATCC:CRL-5976,ATCC,CRL-5976,Homo sapiens,Female,Black,48.0,,,,,,Smoker,,,,,,,,,,,,,,,,,,,,,,,,Unknown,,,,,,,,,,,,,,,,,,,,,,,,,,,,,
SIDM01124,SIDS00310,SIDP00257,,NCI-H650,,Lung,Non-Small Cell Lung Carcinoma,C3512,Tumour,Unknown,Lung Adenocarcinoma,Cell Line,Suspension,,,10.0,1983.0,,,MSS,4.420226992,3.6172877800174703,,213.66,,,722066,ACH-000945,NCIH650_LUNG,CVCL_1575,,ATCC:CRL-5835,ATCC,CRL-5835,Homo sapiens,Male,Unknown,,,,,,,Unknown,,,,,,,,,,,,,,,,,,,,,,,,Unknown,,,,,,,,,,,,,,,,,,,,,,,,,,,,,
SIDM01122,SIDS00312,SIDP00259,,NCI-H661,,Lung,Non-Small Cell Lung Carcinoma,C4450,Metastasis,Lymph node,Large Cell Lung Carcinoma,Cell Line,Adherent,,,11.0,1983.0,,,MSS,3.2473356110000005,3.53421140726225,,77.03,,,687829,ACH-000853,NCIH661_LUNG,CVCL_1577,,ATCC:HTB-183,ATCC,HTB-183,Homo sapiens,Male,White,43.0,,,,,,Unknown,,,,,,,,,,,,,,,,,,,,,,,,Unknown,,,,,,,,,,,,,,,,,,,,,,,,,,,,,
SIDM01121,SIDS00313,SIDP00260,,NCI-H69,NCI-HUT-69;H69/P;NCI-H69C,Lung,Small Cell Lung Carcinoma,C4917,Tumour,Unknown,Small Cell Lung Carcinoma,Cell Line,Suspension,,,9.0,1977.0,,,MSS,1.607394461,1.64408200537559,,42.34,,,688027,ACH-000358,NCIH69_LUNG,CVCL_1579,,ATCC:HTB-119,ATCC,HTB-119,Homo sapiens,Male,White,55.0,,,,,,Unknown,,,,,,,,,,,,,,,,,,,,,,,,Unknown,,,,,,,,,,,,,,,,,,,,,,,,,,,,,
SIDM01120,SIDS00314,SIDP00261,,NCI-H720,,Lung,Other Solid Cancers,C4038,Tumour,Unknown,Lung Carcinoid Tumor,Cell Line,Suspension,,,4.0,1984.0,,,MSS,2.034887773,2.13750026337026,,68.13,,,687600,ACH-002174,NCIH720_LUNG,CVCL_1583,,ATCC:CRL-5838,ATCC,CRL-5838,Homo sapiens,Male,Unknown,0.0,,,,,,Unknown,,,,,,,,,,,,,,,,,,,,,,,,Unknown,,,,,,,,,,,,,,,,,,,,,,,,,,,,,
SIDM01119,SIDS00315,SIDP00262,,NCI-H727,,Lung,Other Solid Cancers,C4038,Tumour,Bronchus,Lung Carcinoid Tumor,Cell Line,Adherent,,,,,,,MSS,2.646021597,2.7027592246155696,,83.58,,,724855,ACH-000775,NCIH727_LUNG,CVCL_1584,,ATCC:CRL-5815,ATCC,CRL-5815,Homo sapiens,Female,White,65.0,,,,,,Smoker,,,,,,,,,,,,,,,,,,,,,,,,,,,,,,,,,,,,,,,,,,,,,,,,,,,,,
SIDM01117,SIDS00317,SIDP00264,,NCI-H748,,Lung,Small Cell Lung Carcinoma,C4917,Metastasis,Lymph node,Small Cell Lung Carcinoma,Cell Line,Suspension,,,7.0,1984.0,,,MSS,2.6969127360000003,2.80115336200245,,75.63,,,909194,ACH-002176,NCIH748_LUNG,CVCL_1588,,ATCC:CRL-5841,ATCC,CRL-5841,Homo sapiens,Male,Black,62.0,,,,,,Smoker,,,,,,,,,,,,,,,,,,,,,,,,Unknown,,,,,,,,,,,,,,,,,,,,,,,,,,,,,
SIDM01116,SIDS00318,SIDP00265,,NCI-H810,,Lung,Non-Small Cell Lung Carcinoma,C4450,Tumour,Unknown,Large Cell Lung Carcinoma,Cell Line,Adherent,,,,,,,MSS,2.549470101,2.67312188911747,,84.37,,,925341,ACH-000789,NCIH810_LUNG,CVCL_1590,,ATCC:CRL-5816,ATCC,CRL-5816,Homo sapiens,Male,Black,51.0,,,,,,Smoker,,,,,,,,,,,,,,,,,,,,,,,,,,,,,,,,,,,,,,,,,,,,,,,,,,,,,
SIDM01131,SIDS00319,SIDP00266,,NCI-H82,,Lung,Small Cell Lung Carcinoma,C4917,Metastasis,Pleural effusion,Small Cell Lung Carcinoma,Cell Line,Suspension,,,,1978.0,,,MSS,2.493965917,2.58474734225199,,31.84,,,688031,ACH-000355,NCIH82_LUNG,CVCL_1591,,ATCC:HTB-175,ATCC,HTB-175,Homo sapiens,Male,White,40.0,,,,,,Smoker,,,,,,,,,,,,,,,,,,,,,,,,Unknown,,,,,,,,,,,,,,,,,,,,,,,,,,,,,
SIDM01150,SIDS00321,SIDP00268,,NCI-H838,,Lung,Non-Small Cell Lung Carcinoma,C3512,Metastasis,Lymph node,Lung Adenocarcinoma,Cell Line,Adherent,,,10.0,1984.0,,,MSS,2.232140757,2.35933343364392,,62.37,,,910399,ACH-000416,NCIH838_LUNG,CVCL_1594,,ATCC:CRL-5844,ATCC,CRL-5844,Homo sapiens,Male,White,59.0,,,,,,Smoker,,,,,,,,,,,,,,,,,,,,,,,,Unknown,,,,,,,,,,,,,,,,,,,,,,,,,,,,,
SIDM01134,SIDS00322,SIDP00269,,NCI-H841,NCI-841,Lung,Small Cell Lung Carcinoma,C4917,Tumour,Unknown,Small Cell Lung Carcinoma,Cell Line,Semi-Adherent,,,10.0,1984.0,,,MSS,2.519937442,2.57636309730444,,34.26,,,1240192,ACH-000292,NCIH841_LUNG,CVCL_1595,,ATCC:CRL-5845,ATCC,CRL-5845,Homo sapiens,Male,White,51.0,,,,,,Smoker,,,,,,,,,,,,,,,,,,,,,,,,Chemotherapy;Radiotherapy,,,,,,,,,,,,,,,,,,,,,,,,,,,,,
SIDM01149,SIDS00323,SIDP00270,,NCI-H847,,Lung,Small Cell Lung Carcinoma,C4917,Metastasis,Pleural effusion,Small Cell Lung Carcinoma,Cell Line,Suspension,,,10.0,1984.0,,,MSS,3.144663815,2.28447289184902,,35.76,,,1240193,ACH-001365,NCIH847_LUNG,CVCL_1596,,ATCC:CRL-5846,ATCC,CRL-5846,Homo sapiens,Male,White,63.0,,,,,,Smoker,,,,,,,,,,,,,,,,,,,,,,,,Chemotherapy;Radiotherapy,,,,,,,,,,,,,,,,,,,,,,,,,,,,,
SIDM01103,SIDS00369,SIDP00314,,SK-MES-1,,Lung,Squamous Cell Lung Carcinoma,C3493,Metastasis,Pleural effusion,Squamous Cell Lung Carcinoma,Cell Line,Adherent,,,,,,,MSS,2.474006846,2.7797927216002405,,54.76,,RERF-LC-MA has the same DNA profile as lung squamous carcinoma cell line SK-MES-1 (JCRB).,909728,ACH-000665,SKMES1_LUNG,CVCL_0630,,ATCC:HTB-58,ATCC,HTB-58,Homo sapiens,Male,White,65.0,,,,,,Unknown,,,,,,,,,,,,,,,,,,,,,,,,Unknown,,,,,,,,,,,,,,,,,,,,,,,,,,,,,
SIDM01133,SIDS00320,SIDP00267,,NCI-H835,,Lung,Other Solid Cancers,C4038,Tumour,Unknown,Lung Carcinoid Tumor,Cell Line,Suspension,,,10.0,1984.0,,,MSS,3.362723117,3.40332924715584,,72.26,,,753607,ACH-002177,NCIH835_LUNG,CVCL_1593,,ATCC:CRL-5843,ATCC,CRL-5843,Homo sapiens,Female,Black,48.0,,,,,,Unknown,,,,,,,,,,,,,,,,,,,,,,,,Unknown,,,,,,,,,,,,,,,,,,,,,,,,,,,,,
SIDM01158,SIDS00401,SIDP00345,,SW900,,Lung,Squamous Cell Lung Carcinoma,C3493,Tumour,Lung,Squamous Cell Lung Carcinoma,Cell Line,Adherent,,,1.0,1975.0,,,,2.5840499180000003,,,,,,724879,ACH-000669,SW900_LUNG,CVCL_1731,,ATCC:HTB-59,ATCC,HTB-59,Homo sapiens,Male,White,53.0,,,,,,Unknown,,,,,,,,,,,,,,,,,,,,,,,,Unknown,,,,,,,,,,,,,,,,,,,,,,,,,,,,,
SIDM00017,SIDS00782,SIDP00700,,NCI-H2286,,Lung,Squamous Cell Lung Carcinoma,C3493,Tumour,Unknown,Squamous Cell Lung Carcinoma,Cell Line,Unknown,,,,1990.0,,,,,1.81360229068818,,113.03,,,1298355,ACH-000912,NCIH2286_LUNG,CVCL_1545,,ATCC:CRL-5938,ATCC,CRL-5938,Homo sapiens,Female,White,57.0,,,,,,Smoker,,,,,,,,,,,,,,,,,,,,,,,,Unknown,,,,,,,,,,,,,,,,,,,,,,,,,,,,,
SIDM00029,SIDS00792,SIDP00710,,SCLC-21H,,Lung,Small Cell Lung Carcinoma,C4917,Metastasis,Pleural Effusion,Small Cell Lung Carcinoma,Cell Line,Unknown,,,,,,,,,,,,,SCLC-21H & SCLC-22H were derived from the same patient (DSMZ).,753611,ACH-000659,SCLC21H_LUNG,CVCL_0024,,DSMZ:ACC372,DSMZ,ACC372,Homo sapiens,Male,White,46.0,,,,,,Unknown,,,,,,,,,,,,,,,,,,,,,,,,Unknown,,,,,,,,,,,,,,,,,,,,,,,,,,,,,
SIDM00048,SIDS00735,SIDP00659,,EMC-BAC-1,,Lung,Non-Small Cell Lung Carcinoma,C2926,Unknown,Unknown,Non-Small Cell Lung Carcinoma,Cell Line,Unknown,,,,,,,MSS,1.98305395,2.01698009219967,,56.74,,,1503369,ACH-002101,EMCBAC1_LUNG,CVCL_X486,,Unknown:Unknown,Unknown,Unknown,Homo sapiens,Male,Unknown,,,,,,,Unknown,,,,,,,,,,,,,,,,,,,,,,,,Unknown,,,,,,,,,,,,,,,,,,,,,,,,,,,,,
SIDM00047,SIDS00736,SIDP00660,,EMC-BAC-2,,Lung,Non-Small Cell Lung Carcinoma,C2926,Unknown,Unknown,Non-Small Cell Lung Carcinoma,Cell Line,Unknown,,,,,,,MSS,2.027550549,2.07096091314121,,23.42,,,1503370,ACH-002102,EMCBAC2_LUNG,CVCL_X487,,Unknown:Unknown,Unknown,Unknown,Homo sapiens,Unknown,Unknown,,,,,,,Unknown,,,,,,,,,,,,,,,,,,,,,,,,Unknown,,,,,,,,,,,,,,,,,,,,,,,,,,,,,
SIDM01332,SIDS01443,SIDP01324,,RERF-LC-AD2,,Lung,Non-Small Cell Lung Carcinoma,C3512,Tumour,Lung,Lung Adenocarcinoma,Cell Line,Adherent,Unknown,,,,,,,,,,,,,,ACH-000774,RERFLCAD2_LUNG,CVCL_1652,,JCRB:JCRB1021,JCRB,JCRB1021,Homo sapiens,Male,East Asian,,,,,,,Unknown,,,,,,,,,,,,,,,,,,,,,,,,Unknown,,,,,,,,,,,,,,,,,,,,,,,,,,,,,
SIDM00367,SIDS01055,SIDP00947,,SBC-3,,Lung,Small Cell Lung Carcinoma,C4917,Unknown,Unknown,Small Cell Lung Carcinoma,Cell Line,Unknown,,,,,10.18926/AMO/31923,3012965.0,MSS,2.150686806,2.20307706057162,,29.63,,,753610,ACH-002197,SBC3_LUNG,CVCL_1678,,JCRB:JCRB0818,JCRB,JCRB0818,Homo sapiens,Male,Unknown,24.0,,,,,,Unknown,,,,,,,,,,,,,,,,,,,,,,,,Unknown,,,,,,,,,,,,,,,,,,,,,,,,,,,,,
SIDM01482,SIDS01284,SIDP01172,,COR-L47,,Lung,Small Cell Lung Carcinoma,C4917,Metastasis,Bone Marrow,Small Cell Lung Carcinoma,Cell Line,Suspension,Unknown,,,,,,,,,,,,,,ACH-000695,CORL47_LUNG,CVCL_2415,,ECACC:92031915,ECACC,92031915,Homo sapiens,Male,White,67.0,,,,,,Unknown,,,,,,,,,,,,,,,,,,,,,,,,Unknown,,,,,,,,,,,,,,,,,,,,,,,,,,,,,
SIDM01384,SIDS01413,SIDP01295,,NCI-H2887,,Lung,Squamous Cell Lung Carcinoma,C3493,Unknown,Unknown,Squamous Cell Lung Carcinoma,Cell Line,Unknown,Unknown,,,,10.1159/000070299,12759538.0,,,,,,,,,ACH-000251,NCIH2887_LUNG,CVCL_5159,,NCI:NCI-H2887,NCI,NCI-H2887,Homo sapiens,Unknown,Unknown,,,,,,,Unknown,,,,,,,,,,,,,,,,,,,,,,,,Unknown,,,,,,,,,,,,,,,,,,,,,,,,,,,,,
SIDM01390,SIDS01407,SIDP01290,,MOR,,Lung,Non-Small Cell Lung Carcinoma,C3512,Unknown,Unknown,Lung Adenocarcinoma,Cell Line,Adherent,Unknown,,,,,,,,,,,,"MOR/CPR has been developed by growing the parent line, MOR, in increasing concentrations of cisplatin. (ECACC),",,,,CVCL_2618,,ECACC:84112312,ECACC,84112312,Homo sapiens,Unknown,Unknown,,,,,,,Unknown,,,,,,,,,,,,,,,,,,,,,,,,Unknown,,,,,,,,,,,,,,,,,,,,,,,,,,,,,
SIDM01385,SIDS01412,SIDP01294,,NCI-H2882,,Lung,Squamous Cell Lung Carcinoma,C3493,Unknown,Unknown,Squamous Cell Lung Carcinoma,Cell Line,Unknown,Unknown,,,,10.1159/000070299,12759538.0,,,,,,,,,ACH-000700,NCIH2882_LUNG,CVCL_5158,,,,,Homo sapiens,Female,Unknown,,,,,,,Unknown,,,,,,,,,,,,,,,,,,,,,,,,Unknown,,,,,,,,,,,,,,,,,,,,,,,,,,,,,
SIDM00055,SIDS00744,SIDP00668,,201T,,Lung,Non-Small Cell Lung Carcinoma,C3512,Unknown,Unknown,Lung Adenocarcinoma,Cell Line,Unknown,,,,,,,,3.1688518,,,,,,1287381,ACH-002089,201T_LUNG,CVCL_X481,,,,,Homo sapiens,Male,Unknown,,,,,,,Unknown,,,,,,,,,,,,,,,,,,,,,,,,Unknown,,,,,,,,,,,,,,,,,,,,,,,,,,,,,
SIDM01363,SIDS01396,SIDP01279,,LUDLU-1,,Lung,Squamous Cell Lung Carcinoma,C3493,Unknown,Unknown,Squamous Cell Lung Carcinoma,Cell Line,Adherent,Unknown,,,,,,,,3.473004210556509,,25.18,,,,ACH-000390,LUDLU1_LUNG,CVCL_2582,,ECACC:92012463,ECACC,92012463,Homo sapiens,Male,White,72.0,,,,,,Unknown,,,,,,,,,,,,,,,,,,,,,,,,Unknown,,,,,,,,,,,,,,,,,,,,,,,,,,,,,
SIDM01600,SIDS01322,SIDP01207,,HCC-2450,,Lung,Squamous Cell Lung Carcinoma,C3493,Tumour,Lung,Squamous Cell Lung Carcinoma,Cell Line,Unknown,Unknown,,,,10.1186/1756-9966-29-75,,,,,,,,,,ACH-000975,HCC2450_LUNG,CVCL_5133,,,,,Homo sapiens,Male,White,52.0,,,,,,Unknown,,,,,,,,,,,,,,,,,,,,,,,,Unknown,,,,,,,,,,,,,,,,,,,,,,,,,,,,,
SIDM01602,SIDS01320,SIDP01205,,HCC2279,,Lung,Other Solid Cancers,C9133,Unknown,Unknown,Adenosquamous Lung Carcinoma,Cell Line,Adherent,Unknown,,,,,,,,,,,,,,ACH-000731,HCC2279_LUNG,CVCL_5131,,KCLB:72279,KCLB,72279,Homo sapiens,Female,Unknown,52.0,,,,,,Unknown,,,,,,,,,,,,,,,,,,,,,,,,Unknown,,,,,,,,,,,,,,,,,,,,,,,,,,,,,
SIDM01604,SIDS01318,SIDP01203,,HCC1833,,Lung,Non-Small Cell Lung Carcinoma,C3512,Unknown,Unknown,Lung Adenocarcinoma,Cell Line,Adherent,Unknown,,,,,,,,,,,,,,ACH-000712,HCC1833_LUNG,CVCL_5129,,KCLB:71833,KCLB,71833,Homo sapiens,Unknown,Unknown,,,,,,,Unknown,,,,,,,,,,,,,,,,,,,,,,,,Unknown,,,,,,,,,,,,,,,,,,,,,,,,,,,,,
SIDM01606,SIDS01316,SIDP01201,,HCC1359,,Lung,Non-Small Cell Lung Carcinoma,C4452,Unknown,Unknown,Giant Cell Lung Carcinoma,Cell Line,Adherent,Unknown,,,,,,,,,,,,,,ACH-000901,HCC1359_LUNG,CVCL_5128,,KCLB:71359,KCLB,71359,Homo sapiens,Female,Unknown,55.0,,,,,,Unknown,,,,,,,,,,,,,,,,,,,,,,,,Unknown,,,,,,,,,,,,,,,,,,,,,,,,,,,,,
SIDM01505,SIDS01300,SIDP01185,,DM-3,,Lung,Mesothelioma,C45663,Unknown,Pleura,Pleural Sarcomatoid Mesothelioma,Cell Line,Adherent,Unknown,,,,,,,,,,,,,,ACH-000742,DM3_PLEURA,CVCL_2019,,DSMZ:ACC 595,DSMZ,ACC 595,Homo sapiens,Male,Unknown,62.0,,,,,,Unknown,,,,,,,,,,,,,,,,,,,,,,,,Unknown,,,,,,,,,,,,,,,,,,,,,,,,,,,,,
SIDM00718,SIDS00299,SIDP00246,,NCI-H358,,Lung,Non-Small Cell Lung Carcinoma,C2923,Tumour,Alveolus,Bronchiolo-Alveolar Lung Carcinoma,Cell Line,Adherent,,,,1981.0,,,MSS,2.837776613,3.40684731952027,,114.08,,,908465,ACH-000860,NCIH358_LUNG,CVCL_1559,,ATCC:CRL-5807,ATCC,CRL-5807,Homo sapiens,Male,Unknown,,,,,,,Unknown,,,,,,,,,,,,,,,,,,,,,,,,,,,,,,,,,,,,,,,,,,,,,,,,,,,,,
SIDM00298,SIDS00680,SIDP00607,,LC-1F,,Lung,Squamous Cell Lung Carcinoma,C3493,Tumour,Lung,Squamous Cell Lung Carcinoma,Cell Line,Suspension,,,,,,,MSS,,4.03074172257648,,54.45,,LC-1F (Floating variant) is from the same patient as LC-1-sq (Lung Cancer-1/Squamous). ;LC-1-sq-SF is a variant of LC-1-sq cultured in serum-free media (RIKEN).,907785,ACH-000705,LC1F_LUNG,CVCL_1372,,RIKEN:RCB0439,RIKEN,RCB0439,Homo sapiens,Male,East Asian,69.0,,,,,,Unknown,,,,,,,,,,,,,,,,,,,,,,,,Unknown,,,,,,,,,,,,,,,,,,,,,,,,,,,,,
SIDM01637,SIDS01541,SIDP01416,,II-18,,Lung,Non-Small Cell Lung Carcinoma,C3512,Unknown,Unknown,Lung Adenocarcinoma,Cell Line,Adherent,Unknown,,,,,,,,,,,,,,,,CVCL_6659,,JCRB:RCB2093,JCRB,RCB2093,Homo sapiens,Unknown,Unknown,,,,,,,Unknown,,,,,,,,,,,,,,,,,,,,,,,,Unknown,,,,,,,,,,,,,,,,,,,,,,,,,,,,,
SIDM01610,SIDS01328,SIDP01213,,HCC515,,Lung,Non-Small Cell Lung Carcinoma,C3512,Unknown,Unknown,Lung Adenocarcinoma,Cell Line,Unknown,Unknown,,,,,,,,,,,,,,ACH-000872,HCC515_LUNG,CVCL_5136,,,,,Homo sapiens,Unknown,Unknown,,,,,,,Unknown,,,,,,,,,,,,,,,,,,,,,,,,Unknown,,,,,,,,,,,,,,,,,,,,,,,,,,,,,
SIDM01553,SIDS01314,SIDP01199,,HCC1171,,Lung,Non-Small Cell Lung Carcinoma,C3512,Unknown,Unknown,Lung Adenocarcinoma,Cell Line,Adherent,Unknown,,,,,,,,,,,,,,ACH-000578,HCC1171_LUNG,CVCL_5126,,KCLB:71171,KCLB,71171,Homo sapiens,Male,Unknown,58.0,,,,,,Unknown,,,,,,,,,,,,,,,,,,,,,,,,Unknown,,,,,,,,,,,,,,,,,,,,,,,,,,,,,
SIDM01565,SIDS01352,SIDP01237,,Hs-618-T,,Lung,Non-Small Cell Lung Carcinoma,C3512,Unknown,Unknown,Lung Adenocarcinoma,Cell Line,Unknown,Unknown,,,,,,,,,,,,,,ACH-000539,HS618T_FIBROBLAST,CVCL_0827,,,,,Homo sapiens,Unknown,Unknown,,,,,,,Unknown,,,,,,,,,,,,,,,,,,,,,,,,Unknown,,,,,,,,,,,,,,,,,,,,,,,,,,,,,
SIDM01593,SIDS01329,SIDP01214,,HCC95,,Lung,Squamous Cell Lung Carcinoma,C3493,Unknown,Unknown,Squamous Cell Lung Carcinoma,Cell Line,Adherent,Unknown,,,,,,,,,,,,,,ACH-000454,HCC95_LUNG,CVCL_5137,,KCLB:70095,KCLB,70095,Homo sapiens,Male,Unknown,65.0,,,,,,Unknown,,,,,,,,,,,,,,,,,,,,,,,,Unknown,,,,,,,,,,,,,,,,,,,,,,,,,,,,,
SIDM01595,SIDS01327,SIDP01212,,HCC461,,Lung,Non-Small Cell Lung Carcinoma,C3512,Unknown,Unknown,Lung Adenocarcinoma,Cell Line,Unknown,Unknown,,,,,,,,,,,,,,ACH-000339,HCC461_LUNG,CVCL_5135,,,,,Homo sapiens,Unknown,Unknown,,,,,,,Unknown,,,,,,,,,,,,,,,,,,,,,,,,Unknown,,,,,,,,,,,,,,,,,,,,,,,,,,,,,
SIDM01597,SIDS01325,SIDP01210,,HCC-364,,Lung,Non-Small Cell Lung Carcinoma,C3512,Unknown,Unknown,Lung Adenocarcinoma,Cell Line,Unknown,Unknown,,,,,,,,,,,,,,ACH-000575,HCC364_LUNG,CVCL_5134,,,,,Homo sapiens,Unknown,Unknown,,,,,,,Unknown,,,,,,,,,,,,,,,,,,,,,,,,Unknown,,,,,,,,,,,,,,,,,,,,,,,,,,,,,
SIDM01599,SIDS01323,SIDP01208,,HCC-2814,,Lung,Squamous Cell Lung Carcinoma,C3493,Unknown,Unknown,Squamous Cell Lung Carcinoma,Cell Line,Unknown,Unknown,,,,,,,,,,,,,,ACH-000690,HCC2814_LUNG,CVCL_V586,,,,,Homo sapiens,Unknown,Unknown,,,,,,,Unknown,,,,,,,,,,,,,,,,,,,,,,,,Unknown,,,,,,,,,,,,,,,,,,,,,,,,,,,,,
SIDM01601,SIDS01321,SIDP01206,,HCC2429,,Lung,Non-Small Cell Lung Carcinoma,C2926,Unknown,Unknown,Non-Small Cell Lung Carcinoma,Cell Line,Unknown,Unknown,,,,10.1136/jmg.2004.029686,,,,,,,,,,ACH-000143,HCC2429_LUNG,CVCL_5132,,,,,Homo sapiens,Female,Unknown,34.0,,,,,,Unknown,,,,,,,,,,,,,,,,,,,,,,,,Unknown,,,,,,,,,,,,,,,,,,,,,,,,,,,,,
SIDM01603,SIDS01319,SIDP01204,,HCC2108,,Lung,Non-Small Cell Lung Carcinoma,C3512,Unknown,Unknown,Lung Adenocarcinoma,Cell Line,Adherent,Unknown,,,,,,,,,,,,,,ACH-000314,HCC2108_LUNG,CVCL_A352,,KCLB:72108,KCLB,72108,Homo sapiens,Male,Unknown,59.0,,,,,,Unknown,,,,,,,,,,,,,,,,,,,,,,,,Unknown,,,,,,,,,,,,,,,,,,,,,,,,,,,,,
SIDM01607,SIDS01315,SIDP01200,,HCC1195,,Lung,Other Solid Cancers,C9133,Unknown,Unknown,Adenosquamous Lung Carcinoma,Cell Line,Adherent,Unknown,,,,,,,,,,,,,,ACH-000868,HCC1195_LUNG,CVCL_5127,,KCLB:71195,KCLB,71195,Homo sapiens,Male,Unknown,47.0,,,,,,Unknown,,,,,,,,,,,,,,,,,,,,,,,,Unknown,,,,,,,,,,,,,,,,,,,,,,,,,,,,,
SIDM01490,SIDS01283,SIDP01171,,COR-L24,,Lung,Small Cell Lung Carcinoma,C4917,Metastasis,Lymph Node,Small Cell Lung Carcinoma,Cell Line,Suspension,Unknown,,,,,,,,1.76384237691346,,27.13,,,,ACH-000382,CORL24_LUNG,CVCL_2409,,ECACC:96020717,ECACC,96020717,Homo sapiens,Male,Unknown,71.0,,,,,,Unknown,,,,,,,,,,,,,,,,,,,,,,,,Unknown,,,,,,,,,,,,,,,,,,,,,,,,,,,,,
SIDM01504,SIDS01301,SIDP01186,,DMS-153,,Lung,Small Cell Lung Carcinoma,C4917,Metastasis,Liver,Small Cell Lung Carcinoma,Cell Line,Semi-Adherent,Unknown,,,,,,,,1.87736633737968,,32.24,,,,ACH-000594,DMS153_LUNG,CVCL_1175,,ECACC:95062827,ECACC,95062827,Homo sapiens,Male,White,44.0,,,,,,Unknown,,,,,,,,,,,,,,,,,,,,,,,,Unknown,,,,,,,,,,,,,,,,,,,,,,,,,,,,,
SIDM01510,SIDS01303,SIDP01188,,DV-90,,Lung,Non-Small Cell Lung Carcinoma,C3512,Metastasis,Pleural Effusion,Lung Adenocarcinoma,Cell Line,Adherent,Unknown,,,1990.0,,,,,1.98951219397744,,111.32,,,,ACH-000925,DV90_LUNG,CVCL_1184,,DSMZ:ACC 307,DSMZ,ACC 307,Homo sapiens,Male,Unknown,50.0,,,,,,Unknown,,,,,,,,,,,,,,,,,,,,,,,,Unknown,,,,,,,,,,,,,,,,,,,,,,,,,,,,,
SIDM00309,SIDS00880,SIDP00784,,NCI-H2803,,Lung,Mesothelioma,C7376,Unknown,Unknown,Malignant Pleural Mesothelioma,Cell Line,Unknown,,,,,,,MSS,1.702749011,1.7564404837616203,,28.47,,,1240135,ACH-002131,H2803_PLEURA,CVCL_U997,,NCI-Navy Medical Oncology Branch:NCI-H2803,NCI-Navy Medical Oncology Branch,NCI-H2803,Homo sapiens,Unknown,Unknown,,,,,,,Unknown,,,,,,,,,,,,,,,,,,,,,,,,Unknown,,,,,,,,,,,,,,,,,,,,,,,,,,,,,
SIDM00320,SIDS01083,SIDP00972,,VMRC-LCD,,Lung,Non-Small Cell Lung Carcinoma,C3512,Unknown,Unknown,Lung Adenocarcinoma,Cell Line,Unknown,,,,,,,MSS,2.404999843,2.58694051501065,,71.76,,,713869,ACH-001233,VMRCLCD_LUNG,CVCL_1787,,JCRB:JCRB0814,JCRB,JCRB0814,Homo sapiens,Male,Unknown,,,,,,,Unknown,,,,,,,,,,,,,,,,,,,,,,,,Unknown,,,,,,,,,,,,,,,,,,,,,,,,,,,,,
SIDM01636,SIDS00526,SIDP00462,SIDM01067,HCC827-GR5,,Lung,Non-Small Cell Lung Carcinoma,C3512,Tumour,Lung,Lung Adenocarcinoma,Cell Line,Unknown,Unknown,,,,10.1126/science.1141478,,,,,,,,HCC-827-GR5 is a Gefitinib resistant clone of HCC-827. (10.1126/science.1141478).,,ACH-000029,HCC827GR5_LUNG,CVCL_V622,,,,,Homo sapiens,Female,Unknown,39.0,,,,,,Unknown,,,,,,,,,,,,,,,,,,,,,,,,Unknown,,,,,,,,,,,,,,,,,,,,,,,,,,,,,
SIDM01668,SIDS01649,SIDP01568,,NCI-H2106,,Lung,Non-Small Cell Lung Carcinoma,C2926,Metastasis,Lymph Node,Non-Small Cell Lung Carcinoma,Cell Line,Suspension,Unknown,15.0,12.0,1988.0,10.1093/jnci/djq279,,,,,,,,,,ACH-000904,NCIH2106_LUNG,CVCL_1526,,ATCC:CRL-5923,ATCC,CRL-5923,Homo sapiens,Male,White,58.0,,,,,,Unknown,,,,,,,,,,,,,,,,,,,,,,,,Chemotherapy;Radiotherapy,Cis-platinum and Bleomycin,,,,,,,,,,,,,,,,,,,,,,,,,,,,
SIDM01670,SIDS01647,SIDP01567,,NCI-H2077,,Lung,Non-Small Cell Lung Carcinoma,C3512,Metastasis,Lymph Node,Lung Adenocarcinoma,Cell Line,Unknown,Unknown,15.0,11.0,1988.0,10.1002/jcb.240630505,,,,,,,,NCI-BL2077 is a matched normal line initiated by Epstein Barr virus (EBV) transformation from the same patient as NCI-H2077. (PMID: 8806092),,ACH-000010,NCIH2077_LUNG,CVCL_5157,,,,,Homo sapiens,Male,White,58.0,,,,,,Smoker,,,,,,,,,,,,,,,,,,,,,,,,,,,,,,,,,,,,,,,,,,,,,,,,,,,,,
SIDM01672,SIDS01645,SIDP01565,,NCI-H1930,,Lung,Small Cell Lung Carcinoma,C4917,Metastasis,Lymph Node,Small Cell Lung Carcinoma,Cell Line,Suspension,Unknown,16.0,5.0,1988.0,10.1002/jcb.240630505,,,,,,,,,,ACH-000870,NCIH1930_LUNG,CVCL_1507,,ATCC:CRL-5906,ATCC,CRL-5906,Homo sapiens,Male,White,41.0,,,,,,Unknown,,,,,,,,,,,,,,,,,,,,,,,,,,,,,,,,,,,,,,,,,,,,,,,,,,,,,
SIDM01674,SIDS01643,SIDP00196,,NCI-H1819,,Lung,Non-Small Cell Lung Carcinoma,C3512,Metastasis,Lymph Node,Lung Adenocarcinoma,Cell Line,Semi-Adherent,Unknown,26.0,1.0,1988.0,10.1002/jcb.240630505,,,,,,,,NCI-H1819 and the matched normal line NCI-BL1819 were derived from the same patient as NCI-H1693 following chemotherapy. (PMID: 8806092),,ACH-000033,NCIH1819_LUNG,CVCL_1497,,ATCC:CRL-5897,ATCC,CRL-5897,Homo sapiens,Female,White,55.0,,,,,,Smoker,,,,,,,,,,,,,,,,,,,,,,,,Chemotherapy,Cis-platinum,,,,,,,,,,,,,,,,,,,,,,,,,,,,
SIDM01676,SIDS01641,SIDP01563,,NCI-H1385,,Lung,Squamous Cell Lung Carcinoma,C3493,Metastasis,Lymph Node,Squamous Cell Lung Carcinoma,Cell Line,Suspension,Unknown,11.0,4.0,1986.0,10.1002/jcb.240630505,,,,,,,,,,ACH-000737,NCIH1385_LUNG,CVCL_1466,,ATCC:CRL-5867,ATCC,CRL-5867,Homo sapiens,Female,Black,49.0,,,,,,Smoker,,,,,,,,,,,,,,,,,,,,,,,,,,,,,,,,,,,,,,,,,,,,,,,,,,,,,
SIDM01526,SIDS01239,SIDP01130,,ACC-MESO-1,,Lung,Mesothelioma,C45662,Unknown,Unknown,Pleural Epithelioid Mesothelioma,Cell Line,Adherent,Unknown,,,,,,,,2.9062264106683497,,18.42,,,,ACH-000086,ACCMESO1_PLEURA,CVCL_5113,,RIKEN:RCB2292,RIKEN,RCB2292,Homo sapiens,Female,East Asian,61.0,,,,,,Unknown,,,,,,,,,,,,,,,,,,,,,,,,Unknown,,,,,,,,,,,,,,,,,,,,,,,,,,,,,
SIDM01615,SIDS01343,SIDP01228,,Hs-229-T,,Lung,Non-Small Cell Lung Carcinoma,C3512,Unknown,Unknown,Lung Adenocarcinoma,Cell Line,Unknown,Unknown,,,,,,,,1.95651302983787,,14.08,,,,ACH-000131,HS229T_FIBROBLAST,CVCL_0698,,,,,Homo sapiens,Unknown,Unknown,,,,,,,Unknown,,,,,,,,,,,,,,,,,,,,,,,,Unknown,,,,,,,,,,,,,,,,,,,,,,,,,,,,,
SIDM01598,SIDS01324,SIDP01209,,HCC-2935,,Lung,Non-Small Cell Lung Carcinoma,C3512,Unknown,Pleural Effusion,Lung Adenocarcinoma,Cell Line,Adherent,Unknown,,,,,,,,4.487912092194231,,14.18,,,,ACH-000150,HCC2935_LUNG,CVCL_1265,,ATCC:CRL-2869,ATCC,CRL-2869,Homo sapiens,Male,White,39.0,,,,,,Unknown,,,,,,,,,,,,,,,,,,,,,,,,Unknown,,,,,,,,,,,,,,,,,,,,,,,,,,,,,
SIDM01503,SIDS01302,SIDP01187,,DMS-454,,Lung,Small Cell Lung Carcinoma,C4917,Tumour,Lung,Small Cell Lung Carcinoma,Cell Line,Adherent,Unknown,,,1981.0,,,,,2.75834953107369,,53.26,,,,ACH-000844,DMS454_LUNG,CVCL_2438,,ECACC:95062832,ECACC,95062832,Homo sapiens,Male,White,,,,,,,Unknown,,,,,,,,,,,,,,,,,,,,,,,,Unknown,,,,,,,,,,,,,,,,,,,,,,,,,,,,,
SIDM01605,SIDS01317,SIDP01202,,HCC1438,,Lung,Non-Small Cell Lung Carcinoma,C4450,Unknown,Unknown,Large Cell Lung Carcinoma,Cell Line,Adherent,Unknown,,,,,,,,2.48786756181829,,66.29,,,,ACH-000891,HCC1438_LUNG,CVCL_L088,,KCLB:71438,KCLB,71438,Homo sapiens,Male,Unknown,43.0,,,,,,Unknown,,,,,,,,,,,,,,,,,,,,,,,,Unknown,,,,,,,,,,,,,,,,,,,,,,,,,,,,,
SIDM01675,SIDS01642,SIDP01564,,NCI-H1618,,Lung,Small Cell Lung Carcinoma,C4917,Metastasis,Bone Marrow,Small Cell Lung Carcinoma,Cell Line,Suspension,Unknown,10.0,4.0,1987.0,10.1002/jcb.240630505,,,,,,,,,,ACH-000179,NCIH1618_LUNG,CVCL_1480,,ATCC:CRL-5879,ATCC,CRL-5879,Homo sapiens,Female,White,55.0,,,,,,Smoker,,,,,,,,,,,,,,,,,,,,,,,,,,,,,,,,,,,,,,,,,,,,,,,,,,,,,
SIDM01717,SIDS01548,SIDP01496,,COR-L51,,Lung,Small Cell Lung Carcinoma,C4917,Metastasis,Pleural Effusion,Small Cell Lung Carcinoma,Cell Line,Suspension,Unknown,,,,,,,,,,,,,,ACH-001047,CORL51_LUNG,CVCL_2416,,ECACC:92031916,ECACC,92031916,Homo sapiens,Male,White,71.0,,,,,,Unknown,,,,,,,,,,,,,,,,,,,,,,,,Unknown,,,,,,,,,,,,,,,,,,,,,,,,,,,,,
SIDM01628,SIDS01407,SIDP01290,SIDM01390,MOR-CPR,,Lung,Non-Small Cell Lung Carcinoma,C3512,Unknown,Unknown,Lung Adenocarcinoma,Cell Line,Suspension,Unknown,,,,,,,,3.46138287887126,,43.68,,"MOR/CPR has been developed by growing the parent line, MOR, in increasing concentrations of cisplatin. (ECACC),",,ACH-000851,MORCPR_LUNG,CVCL_2620,,ECACC:96042333,ECACC,96042333,Homo sapiens,Unknown,Unknown,,,,,,,Unknown,,,,,,,,,,,,,,,,,,,,,,,,Unknown,,,,,,,,,,,,,,,,,,,,,,,,,,,,,
SIDM00493,SIDS00920,SIDP00823,,NCI-H292,NCI-HUT-292,Lung,Other Solid Cancers,C45544,Metastasis,Lymph node,Lung Mucoepidermoid Carcinoma,Cell Line,Adherent,,,,,,,MSS,2.03606007,2.06528491156545,,32.97,,,753604,ACH-001075,NCIH292_LUNG,CVCL_0455,,ECACC:91091815,ECACC,91091815,Homo sapiens,Female,Black,32.0,,,,,,Non-Smoker,,,,,,,,,,,,,,,,,,,,,,,,Unknown,,,,,,,,,,,,,,,,,,,,,,,,,,,,,
SIDM01745,SIDS01577,SIDP01519,,Hs-888-Lu,,Lung,Non-Cancerous,,Normal,Lung,,Cell Line,Adherent,Unknown,,,,,,,,,,,,Hs-888-Lu and Hs-888-Sk were derived using normal tissue from the same patient as the metastatically derived tumour cell line Hs-888-T (ATCC).,,,,CVCL_0977,,ATCC:CRL-7624,ATCC,CRL-7624,Homo sapiens,Male,White,20.0,,,,,,Unknown,,,,,,,,,,,,,,,,,,,,,,,,Unknown,,,,,,,,,,,,,,,,,,,,,,,,,,,,,
SIDM01783,SIDS01679,SIDP01598,,Mero-14,,Lung,Mesothelioma,C45662,Metastasis,Pleural Effusion,Pleural Epithelioid Mesothelioma,Cell Line,Adherent,Unknown,,,,,,,,,,,Patient has a history of asbestos exposure.,,,ACH-001555,MERO14_PLEURA,CVCL_2590,,ECACC:09100101,ECACC,09100101,Homo sapiens,Male,Unknown,,,,,,,Unknown,,,,,,,,,,,,,,,,,,,,,,,,Unknown,,,,,,,,,,,,,,,,,,,,,,,,,,,,,
SIDM01696,SIDS01595,SIDP01533,,JL-1,,Lung,Mesothelioma,C7376,Tumour,Pleura,Malignant Pleural Mesothelioma,Cell Line,Adherent,Unknown,,,2003.0,,,,,2.0064193451831898,,16.55,,,,ACH-000645,JL1_PLEURA,CVCL_2080,,DSMZ:ACC 596,DSMZ,ACC 596,Homo sapiens,Male,Unknown,54.0,,,,,,Unknown,,,,,,,,,,,,,,,,,,,,,,,,Unknown,,,,,,,,,,,,,,,,,,,,,,,,,,,,,
SIDM01710,SIDS01556,SIDP01501,,HLF-a,,Lung,Squamous Cell Lung Carcinoma,C3493,Unknown,Unknown,Squamous Cell Lung Carcinoma,Cell Line,Adherent,Unknown,,,,,,,,1.95442227277386,,26.68,,,,ACH-000797,HLFA_FIBROBLAST,CVCL_2255,,ATCC:CCL-199,ATCC,CCL-199,Homo sapiens,Female,Black,54.0,,,,,,Unknown,,,,,,,,,,,,,,,,,,,,,,,,Unknown,,,,,,,,,,,,,,,,,,,,,,,,,,,,,
SIDM00524,SIDS00901,SIDP00804,,DMS-79,,Lung,Small Cell Lung Carcinoma,C4917,Metastasis,Pleural effusion,Small Cell Lung Carcinoma,Cell Line,Suspension,,,,,,,MSS,3.446808615,1.82898783879808,,54.71,,,753551,ACH-000703,DMS79_LUNG,CVCL_1178,,ECACC:95062824,ECACC,95062824,Homo sapiens,Male,Unknown,,,,,,,Unknown,,,,,,,,,,,,,,,,,,,,,,,,Chemotherapy;Radiotherapy,"The patient was treated with cytoxan, vincristine, methotrexate and radiation therapy",,,,,,,,,,,,,,,,,,,,,,,,,,,,
SIDM00654,SIDS00211,SIDP00172,,NCI-H1048,,Lung,Small Cell Lung Carcinoma,C4917,Metastasis,Pleural effusion,Small Cell Lung Carcinoma,Cell Line,Adherent,,,4.0,1985.0,,,MSI,2.010062975,2.04457292763413,,68.24,,,687995,ACH-000866,NCIH1048_LUNG,CVCL_1453,,ATCC:CRL-5853,ATCC,CRL-5853,Homo sapiens,Female,Unknown,0.0,,,,,,Unknown,,,,,,,,,,,,,,,,,,,,,,,,Unknown,,,,,,,,,,,,,,,,,,,,,,,,,,,,,
SIDM00754,SIDS00244,SIDP00202,,NCI-H1781,,Lung,Non-Small Cell Lung Carcinoma,C2923,Metastasis,Pleural effusion,Bronchiolo-Alveolar Lung Carcinoma,Cell Line,Adherent,,,11.0,1987.0,,,MSS,2.4357270630000003,5.02649318885113,,34.32,,,1298350,ACH-000379,NCIH1781_LUNG,CVCL_1494,,ATCC:CRL-5894,ATCC,CRL-5894,Homo sapiens,Female,White,66.0,,,,,,Smoker,,,,,,,,,,,,,,,,,,,,,,,,Unknown,,,,,,,,,,,,,,,,,,,,,,,,,,,,,
SIDM00760,SIDS00257,SIDP00213,,NCI-H1963,,Lung,Small Cell Lung Carcinoma,C4917,Tumour,Unknown,Small Cell Lung Carcinoma,Cell Line,Suspension,,,6.0,1988.0,,,MSS,1.989842841,2.07434214492982,,49.24,,,688010,ACH-000729,NCIH1963_LUNG,CVCL_1510,,ATCC:CRL-5982,ATCC,CRL-5982,Homo sapiens,Male,Black,56.0,,,,,,Smoker,,,,,,,,,,,,,,,,,,,,,,,,Unknown,,,,,,,,,,,,,,,,,,,,,,,,,,,,,
SIDM00703,SIDS00276,SIDP00227,,NCI-H2110,,Lung,Non-Small Cell Lung Carcinoma,C2926,Metastasis,Pleural effusion,Non-Small Cell Lung Carcinoma,Cell Line,Adherent,,,12.0,1988.0,,,MSS,2.581503252,2.8251134515403904,,183.34,,,1298351,ACH-000929,NCIH2110_LUNG,CVCL_1530,,ATCC:CRL-5924,ATCC,CRL-5924,Homo sapiens,Unknown,Unknown,,,,,,,Unknown,,,,,,,,,,,,,,,,,,,,,,,,Unknown,,,,,,,,,,,,,,,,,,,,,,,,,,,,,
SIDM00721,SIDS00296,SIDP00243,,NCI-H250,,Lung,Small Cell Lung Carcinoma,C4917,Tumour,Unknown,Small Cell Lung Carcinoma,Cell Line,Suspension,,,6.0,1980.0,,,MSS,2.698256841,2.7039488625491805,,82.08,,,924241,ACH-002171,NCIH250_LUNG,CVCL_1554,,ATCC:CRL-5828,ATCC,CRL-5828,Homo sapiens,Male,Black,34.0,,,,,,Unknown,,,,,,,,,,,,,,,,,,,,,,,,Unknown,,,,,,,,,,,,,,,,,,,,,,,,,,,,,
SIDM00720,SIDS00297,SIDP00244,,NCI-H28,HUT-28,Lung,Mesothelioma,C45663,Metastasis,Pleural effusion,Pleural Sarcomatoid Mesothelioma,Cell Line,Adherent,,,9.0,1976.0,,,MSS,3.800372222,3.9143326749016,,39.97,,,908470,ACH-000648,NCIH28_PLEURA,CVCL_1555,,ATCC:CRL-5820,ATCC,CRL-5820,Homo sapiens,Male,White,48.0,,,,,,Smoker,,,,,,,,,,,,,,,,,,,,,,,,Unknown,,,,,,,,,,,,,,,,,,,,,,,,,,,,,
SIDM00361,SIDS01041,SIDP00934,,PC-3_[JPC-3],,Lung,Non-Small Cell Lung Carcinoma,C3512,Tumour,Lung,Lung Adenocarcinoma,Cell Line,Unknown,,,,,,,MSS,,,,37.0,,,1240202,ACH-002184,PC3JPC3_LUNG,CVCL_S982,,JCRB:JCRB0077,JCRB,JCRB0077,Homo sapiens,Female,Unknown,48.0,,,,,,Unknown,,,,,,,,,,,,,,,,,,,,,,,,Unknown,,,,,,,,,,,,,,,,,,,,,,,,,,,,,
SIDM01788,SIDS01684,SIDP01603,,Mero-25,,Lung,Mesothelioma,C45665,Tumour,Pleural Cavity,Pleural Biphasic Mesothelioma,Cell Line,Adherent,Unknown,,,,10.1002/ijc.2910440212,2474517.0,,,,,,Note made of patient's history of exposure to asbestos (ECACC).,,,ACH-001556,MERO25_PLEURA,CVCL_2591,,ECACC:09100102,ECACC,09100102,Homo sapiens,Male,Unknown,,,,,,,Unknown,,,,,,,,,,,,,,,,,,,,,,,,Unknown,,,,,,,,,,,,,,,,,,,,,,,,,,,,,
SIDM01814,SIDS01751,SIDP01657,,HCC1897,,Lung,Squamous Cell Lung Carcinoma,C3493,Unknown,Unknown,Squamous Cell Lung Carcinoma,Cell Line,Unknown,Unknown,,,,10.1158/0008-5472.CAN-07-5084,,,,,,,,,,ACH-001079,HCC1897_LUNG,CVCL_V578,,,,,Homo sapiens,Male,Black,47.0,,,,,,Unknown,,,,,,,,,,,,,,,,,,,,,,,,Unknown,,,,,,,,,,,,,,,,,,,,,,,,,,,,,
SIDM01820,SIDS01750,SIDP01656,,HCC1588,,Lung,Squamous Cell Lung Carcinoma,C3493,Tumour,Lung,Squamous Cell Lung Carcinoma,Cell Line,Adherent,Unknown,,,,10.1158/0008-5472.CAN-07-5084,10353731.0,,,,,,,,,ACH-001078,HCC1588_LUNG,CVCL_A351,,KCLB:71588,KCLB,71588,Homo sapiens,Female,Black,63.0,,,,,,Unknown,,,,,,,,,,,,,,,,,,,,,,,,Unknown,,,,,,,,,,,,,,,,,,,,,,,,,,,,,
SIDM01772,SIDS01661,SIDP01580,,RS-5,,Lung,Mesothelioma,C7376,Tumour,Unknown,Malignant Pleural Mesothelioma,Cell Line,Adherent,Unknown,,,2003.0,,,,,1.95883793305358,,19.58,,,,ACH-000531,RS5_FIBROBLAST,CVCL_2182,,DSMZ:ACC-604,DSMZ,ACC-604,Homo sapiens,Male,Unknown,78.0,,,,,,Unknown,,,,,,,,,,,,,,,,,,,,,,,,Unknown,,,,,,,,,,,,,,,,,,,,,,,,,,,,,
SIDM00770,SIDS00247,SIDP00205,,NCI-H1836,,Lung,Small Cell Lung Carcinoma,C4917,Tumour,Unknown,Small Cell Lung Carcinoma,Cell Line,Suspension,,,2.0,1988.0,,,MSS,3.153430719,3.330164261060549,,40.82,,,1240182,ACH-000559,NCIH1836_LUNG,CVCL_1498,,ATCC:CRL-5898,ATCC,CRL-5898,Homo sapiens,Male,White,52.0,,,,,,Smoker,,,,,,,,,,,,,,,,,,,,,,,,Chemotherapy;Radiotherapy,,,,,,,,,,,,,,,,,,,,,,,,,,,,,
SIDM01764,SIDS01669,SIDP01588,,T3M-10,,Lung,Non-Small Cell Lung Carcinoma,C4450,Metastasis,Lymph Node,Large Cell Lung Carcinoma,Cell Line,Adherent,Unknown,,,,,,,,1.8725496496596,,35.37,,,,ACH-000813,T3M10_LUNG,CVCL_8067,,RIKEN:RCB1020,RIKEN,RCB1020,Homo sapiens,Male,East Asian,40.0,,,,,,Unknown,,,,,,,,,,,,,,,,,,,,,,,,Unknown,,,,,,,,,,,,,,,,,,,,,,,,,,,,,
SIDM01805,SIDS01757,SIDP01663,,HLC-1,,Lung,Non-Small Cell Lung Carcinoma,C3512,Metastasis,Pleural Effusion,Lung Adenocarcinoma,Cell Line,Adherent,Unknown,14.0,1.0,1974.0,10.20772/cancersci1959.67.4_483,140093.0,,,,,,,,,ACH-001088,HLC1_LUNG,CVCL_5529,,RIKEN:RCB0083,RIKEN,RCB0083,Homo sapiens,Unknown,East Asian,,,,,,,Unknown,,,,,,,,,,,,,,,,,,,,,,,,Unknown,,,,,,,,,,,,,,,,,,,,,,,,,,,,,
SIDM01767,SIDS01666,SIDP01585,,Sq-1,,Lung,Squamous Cell Lung Carcinoma,C3493,Unknown,Unknown,Squamous Cell Lung Carcinoma,Cell Line,Adherent,Unknown,,,,,,,,2.96868163455614,,41.84,,,,ACH-000553,SQ1_LUNG,CVCL_4900,,RIKEN:RCB1905,RIKEN,RCB1905,Homo sapiens,Unknown,Unknown,,,,,,,Unknown,,,,,,,,,,,,,,,,,,,,,,,,Unknown,,,,,,,,,,,,,,,,,,,,,,,,,,,,,
SIDM01886,SIDS01721,SIDP01633,,TIG-3,,Lung,Non-Cancerous,C12468,Normal,Fetal Lung,Non-Cancerous,Cell Line,Adherent,Unknown,,,,10.1093/geronj/37.1.33,7053395.0,,,,,,,TIG-3 and TIG-3S were established from fetal lung and skin samples respectively from the same individual (DOI: 10.34425/zs000693).;TIG-3TD is a TERT-immortalised cell line of TIG-3 (Cellosaurus).,,,,CVCL_E939,,,,,Homo sapiens,Male,East Asian,0.0,,,,,,Unknown,,,,,,,,,,,,,,,,,,,,,,,,,,,,,,,,,,,,,,,,,,,,,,,,,,,,,
SIDM01890,SIDS01687,SIDP01605,,Mero-48b,,Lung,Mesothelioma,C45665,Metastasis,Omentum,Pleural Biphasic Mesothelioma,Cell Line,Unknown,Unknown,,,,10.1002/ijc.2910440212,2474517.0,,,,,,,"Mero-48a (Pleural Cavity), Mero-48b (Omentum), Mero-48c (Liver) and Mero-48d (Pericardium) are derived from 4 solid tumours taken from the same patient (DOI: 10.1002/ijc.2910440212).",,,,CVCL_W102,,,,,Homo sapiens,Male,Unknown,,,,,,,Unknown,,,,,,,,,,,,,,,,,,,,,,,,Unknown,,,,,,,,,,,,,,,,,,,,,,,,,,,,,
SIDM01892,SIDS01688,SIDP01605,,Mero-48c,,Lung,Mesothelioma,C45665,Metastasis,Liver,Pleural Biphasic Mesothelioma,Cell Line,Unknown,Unknown,,,,10.1002/ijc.2910440212,2474517.0,,,,,,,"Mero-48a (Pleural Cavity), Mero-48b (Omentum), Mero-48c (Liver) and Mero-48d (Pericardium) are derived from 4 solid tumours taken from the same patient (DOI: 10.1002/ijc.2910440212).",,,,CVCL_W103,,,,,Homo sapiens,Male,Unknown,,,,,,,Unknown,,,,,,,,,,,,,,,,,,,,,,,,Unknown,,,,,,,,,,,,,,,,,,,,,,,,,,,,,
SIDM01894,SIDS01690,SIDP01606,,Mero-82,,Lung,Mesothelioma,C45662,Tumour,Pleural Effusion,Pleural Epithelioid Mesothelioma,Cell Line,Adherent,Unknown,,,,10.1002/ijc.2910440212,2474517.0,,,,,,Note made of patient's history of exposure to asbestos (ECACC).,,,ACH-001559,MERO82_PLEURA,CVCL_2594,,ECACC:09100105,ECACC,09100105,Homo sapiens,Unknown,Unknown,,,,,,,Unknown,,,,,,,,,,,,,,,,,,,,,,,,Unknown,,,,,,,,,,,,,,,,,,,,,,,,,,,,,
SIDM01904,SIDS01728,SIDP01639,,VMRC-LCP,,Lung,Squamous Cell Lung Carcinoma,C3493,Tumour,Lung,Squamous Cell Lung Carcinoma,Cell Line,Adherent,Unknown,,,,,,,,,,,,,,ACH-001234,VMRCLCP_LUNG,CVCL_1788,,JCRB:JCRB0103,JCRB,JCRB0103,Homo sapiens,Unknown,Unknown,,,,,,,Unknown,,,,,,,,,,,,,,,,,,,,,,,,Unknown,,,,,,,,,,,,,,,,,,,,,,,,,,,,,
SIDM01867,SIDS01686,SIDP01605,,Mero-48a,,Lung,Mesothelioma,C45665,Tumour,Pleural Cavity,Pleural Biphasic Mesothelioma,Cell Line,Adherent,Unknown,,,,10.1002/ijc.2910440212,2474517.0,,,,,,Note made of patient's history of exposure to asbestos (ECACC).,"Mero-48a (Pleural Cavity), Mero-48b (Omentum), Mero-48c (Liver) and Mero-48d (Pericardium) are derived from 4 solid tumours taken from the same patient (DOI: 10.1002/ijc.2910440212).",,ACH-001558,MERO48A_PLEURA,CVCL_2593,,ECACC:09100104,ECACC,09100104,Homo sapiens,Male,Unknown,,,,,,,Unknown,,,,,,,,,,,,,,,,,,,,,,,,Unknown,,,,,,,,,,,,,,,,,,,,,,,,,,,,,
SIDM01893,SIDS01689,SIDP01605,,Mero-48d,,Lung,Mesothelioma,C45665,Metastasis,Pericardium,Pleural Biphasic Mesothelioma,Cell Line,Unknown,Unknown,,,,10.1002/ijc.2910440212,2474517.0,,,,,,,"Mero-48a (Pleural Cavity), Mero-48b (Omentum), Mero-48c (Liver) and Mero-48d (Pericardium) are derived from 4 solid tumours taken from the same patient (DOI: 10.1002/ijc.2910440212).",,,,CVCL_W104,,,,,Homo sapiens,Male,Unknown,,,,,,,Unknown,,,,,,,,,,,,,,,,,,,,,,,,Unknown,,,,,,,,,,,,,,,,,,,,,,,,,,,,,
SIDM01895,SIDS01691,SIDP01607,,Mero-83,,Lung,Mesothelioma,C45665,Tumour,Pleural Effusion,Pleural Biphasic Mesothelioma,Cell Line,Adherent,Unknown,,,,10.1002/ijc.2910440212,2474517.0,,,,,,Note made of patient's history of exposure to asbestos (ECACC).,,,ACH-001560,MERO83_PLEURA,CVCL_2595,,ECACC:09100106,ECACC,09100106,Homo sapiens,Male,Unknown,,,,,,,Unknown,,,,,,,,,,,,,,,,,,,,,,,,Unknown,,,,,,,,,,,,,,,,,,,,,,,,,,,,,
SIDM01903,SIDS01685,SIDP01604,,Mero-41,,Lung,Mesothelioma,C45662,Tumour,Pleural Effusion,Pleural Epithelioid Mesothelioma,Cell Line,Adherent,Unknown,,,,10.1002/ijc.2910440212,2474517.0,,,,,,Note made of patient's history of exposure to asbestos (ECACC).,,,ACH-001557,MERO41_PLEURA,CVCL_2592,,ECACC:09100103,ECACC,09100103,Homo sapiens,Male,Unknown,,,,,,,Unknown,,,,,,,,,,,,,,,,,,,,,,,,Unknown,,,,,,,,,,,,,,,,,,,,,,,,,,,,,
SIDM01905,SIDS01692,SIDP01608,,Mero-84,,Lung,Mesothelioma,C45665,Tumour,Pleural Effusion,Pleural Biphasic Mesothelioma,Cell Line,Adherent,Unknown,,,,10.1002/ijc.2910440212,2474517.0,,,,,,Note made of patient's history of exposure to asbestos (ECACC).,,,ACH-001561,MERO84_PLEURA,CVCL_2596,,ECACC:09100107,ECACC,09100107,Homo sapiens,Male,Unknown,,,,,,,Unknown,,,,,,,,,,,,,,,,,,,,,,,,Unknown,,,,,,,,,,,,,,,,,,,,,,,,,,,,,
SIDM01072,SIDS00521,SIDP00457,,HCC-15,HCC0015,Lung,Squamous Cell Lung Carcinoma,C3493,Tumour,Unknown,Squamous Cell Lung Carcinoma,Cell Line,Adherent,,,,,,,MSS,1.659190536,1.70439101973481,,86.95,,,1240143,ACH-000878,HCC15_LUNG,CVCL_2057,,DSMZ:ACC-496,DSMZ,ACC-496,Homo sapiens,Male,Unknown,47.0,,,,,,Unknown,,,,,,,,,,,,,,,,,,,,,,,,Unknown,,,,,,,,,,,,,,,,,,,,,,,,,,,,,
SIDM01129,SIDS00305,SIDP00252,,NCI-H524,,Lung,Small Cell Lung Carcinoma,C4917,Metastasis,Lymph node ,Small Cell Lung Carcinoma,Cell Line,Suspension,,,11.0,1982.0,,,MSS,2.216436458,2.2661907905448904,,51.89,,,908483,ACH-000816,NCIH524_LUNG,CVCL_1568,,ATCC:CRL-5831,ATCC,CRL-5831,Homo sapiens,Male,White,63.0,,,,,,Smoker,,,,,,,,,,,,,,,,,,,,,,,,Chemotherapy;Radiotherapy,,,,,,,,,,,,,,,,,,,,,,,,,,,,,
SIDM01128,SIDS00306,SIDP00253,,NCI-H526,,Lung,Small Cell Lung Carcinoma,C4917,Metastasis,Bone marrow,Small Cell Lung Carcinoma,Cell Line,Suspension,,,11.0,1982.0,,,MSS,3.020944899,3.09101360726022,,53.03,,,688025,ACH-000767,NCIH526_LUNG,CVCL_1569,,ATCC:CRL-5811,ATCC,CRL-5811,Homo sapiens,Male,White,55.0,,,,,,Smoker,,,,,,,,,,,,,,,,,,,,,,,,,,,,,,,,,,,,,,,,,,,,,,,,,,,,,
SIDM01924,SIDS01721,SIDP01633,SIDM01886,TIG-3TD,,Lung,Non-Cancerous,C12468,Normal,Fetal Lung,Non-Cancerous,Cell Line,Adherent,Transformed (TERT),,,,,,,,,,,Telomerase (TERT) immortalised (Cellosaurus).,TIG-3 and TIG-3S were established from fetal lung and skin samples respectively from the same individual (DOI: 10.34425/zs000693).;TIG-3TD is a TERT-immortalised cell line of TIG-3 (Cellosaurus).,,ACH-001207,TIG3TD_FIBROBLAST,CVCL_V617,,,,,Homo sapiens,Male,East Asian,0.0,,,,,,Unknown,,,,,,,,,,,,,,,,,,,,,,,,,,,,,,,,,,,,,,,,,,,,,,,,,,,,,
SIDM00224,SIDS00599,SIDP00529,,IST-MES1,,Lung,Mesothelioma,C45662,Tumour,Unknown,Pleural Epithelioid Mesothelioma,Cell Line,Adherent,,,,,,,MSS,3.285277894,3.3723074487601,,27.11,,,907173,ACH-000569,ISTMES1_PLEURA,CVCL_1311,,ICLC:HTL01005,ICLC,HTL01005,Homo sapiens,Female,White,70.0,,,,,,Unknown,,,,,,,,,,,,,,,,,,,,,,,,Unknown,,,,,,,,,,,,,,,,,,,,,,,,,,,,,
SIDM01219,SIDS01012,SIDP00906,SIDM00546,LU-99A,,Lung,Non-Small Cell Lung Carcinoma,C4452,Tumour,Unknown,Giant Cell Lung Carcinoma,Cell Line,Unknown,,,,,,,MSS,2.60659824,2.7613053483214904,,40.26,,LU-99A is a subclone of LU-99.,907796,,,CVCL_1393,,JCRB:JCRB0044,JCRB,JCRB0044,Homo sapiens,Male,East Asian,63.0,,,,,,Unknown,,,,,,,,,,,,,,,,,,,,,,,,Unknown,,,,,,,,,,,,,,,,,,,,,,,,,,,,,
SIDM00344,SIDS01097,SIDP00986,,LCLC-97TM1,,Lung,Non-Small Cell Lung Carcinoma,C4450,Tumour,Unknown,Large Cell Lung Carcinoma,Cell Line,Adherent,,,,,,,MSS,2.800251463,2.88945060148457,,48.68,,,946361,ACH-000596,LCLC97TM1_LUNG,CVCL_1376,,DSMZ:ACC-388,DSMZ,ACC-388,Homo sapiens,Male,White,44.0,,,,,,Unknown,,,,,,,,,,,,,,,,,,,,,,,,,,,,,,,,,,,,,,,,,,,,,,,,,,,,,
SIDM00921,SIDS00096,SIDP00078,,Calu-6,,Lung,Non-Small Cell Lung Carcinoma,C3512,Tumour,Unknown,Lung Adenocarcinoma,Cell Line,Adherent,,,,1976.0,,,MSS,2.556255696,2.86999243726843,,29.66,,,724859,ACH-000264,CALU6_LUNG,CVCL_0236,,ATCC:HTB-56,ATCC,HTB-56,Homo sapiens,Female,White,61.0,,,,,,Unknown,,,,,,,,,,,,,,,,,,,,,,,,Unknown,,,,,,,,,,,,,,,,,,,,,,,,,,,,,
SIDM01679,SIDS01638,SIDP01561,,NCI-H1184,,Lung,Small Cell Lung Carcinoma,C4917,Metastasis,Lymph Node,Small Cell Lung Carcinoma,Cell Line,Adherent,Unknown,,9.0,1985.0,,,,,2.62718427119999,,30.47,,NCI-BL1184 is a matched normal line initiated by Epstein Barr virus (EBV) transformation from the same patient as NCI-H1184. (ATCC),,ACH-000523,NCIH1184_LUNG,CVCL_1458,,ATCC:CRL-5858,ATCC,CRL-5858,Homo sapiens,Male,White,42.0,,,,,,Smoker,,,,,,,,,,,,,,,,,,,,,,,,Unknown,,,,,,,,,,,,,,,,,,,,,,,,,,,,,
SIDM00511,SIDS00892,SIDP00795,,COR-L279,,Lung,Small Cell Lung Carcinoma,C4917,Metastasis,Lymph node,Small Cell Lung Carcinoma,Cell Line,Suspension,,,,,,,MSS,3.211900216,1.81213912619402,,28.32,,,910937,ACH-000257,CORL279_LUNG,CVCL_1140,,ECACC:96020724,ECACC,96020724,Homo sapiens,Male,Unknown,63.0,,,,,,Unknown,,,,,,,,,,,,,,,,,,,,,,,,,,,,,,,,,,,,,,,,,,,,,,,,,,,,,
SIDM01677,SIDS01640,SIDP01562,,NCI-H1373,,Lung,Non-Small Cell Lung Carcinoma,C3512,Unknown,Unknown,Lung Adenocarcinoma,Cell Line,Adherent,Unknown,20.0,3.0,1986.0,10.1002/jcb.240630505,,,,2.78000252291896,,62.16,,,,ACH-000845,NCIH1373_LUNG,CVCL_1465,,ATCC:CRL-5866,ATCC,CRL-5866,Homo sapiens,Male,Black,56.0,,,,,,Smoker,,,,,,,,,,,,,,,,,,,,,,,,Chemotherapy;Radiotherapy,,,,,,,,,,,,,,,,,,,,,,,,,,,,,
SIDM00922,SIDS00095,SIDP00077,,Calu-3,,Lung,Non-Small Cell Lung Carcinoma,C3512,Metastasis,Pleural effusion,Lung Adenocarcinoma,Cell Line,Adherent,,,,,,,MSS,2.861778616,2.9657557129135097,,26.66,,,687777,ACH-000392,CALU3_LUNG,CVCL_0609,,ATCC:HTB-55,ATCC,HTB-55,Homo sapiens,Male,White,25.0,,,,,,Unknown,,,,,,,,,,,,,,,,,,,,,,,,Chemotherapy,"cytoxan, bleomycin and adriamycin",,,,,,,,,,,,,,,,,,,,,,,,,,,,
SIDM01068,SIDS00525,SIDP00461,,HCC-78,HCC0078,Lung,Non-Small Cell Lung Carcinoma,C3512,Metastasis,Pleural effusion,Lung Adenocarcinoma,Cell Line,Adherent,,,,,,,MSS,3.94242339,2.2214020365026403,,29.08,,,1290908,ACH-000562,HCC78_LUNG,CVCL_2061,,DSMZ:ACC-563,DSMZ,ACC-563,Homo sapiens,Male,Unknown,65.0,,,,,,Unknown,,,,,,,,,,,,,,,,,,,,,,,,Unknown,,,,,,,,,,,,,,,,,,,,,,,,,,,,,
SIDM00106,SIDS00871,SIDP00775,,NCI-H125,,Lung,Other Solid Cancers,C9133,Unknown,Unknown,Adenosquamous Lung Carcinoma,Cell Line,Unknown,,,,,,,,,,,,,"NCI-H125 and NCI-H513 have been show to be cross contaminated (ATCC, ICLAC)",,,,CVCL_3968,,Unknown:Unknown,Unknown,Unknown,Homo sapiens,Male,Unknown,,,,,,,Unknown,,,,,,,,,,,,,,,,,,,,,,,,Unknown,,,,,,,,,,,,,,,,,,,,,,,,,,,,,
SIDM00713,SIDS00266,SIDP00220,,NCI-H2052,H2052_MM,Lung,Mesothelioma,C45663,Metastasis,Pleural effusion,Pleural Sarcomatoid Mesothelioma,Cell Line,Adherent,,,9.0,1988.0,,,MSS,3.875561742,4.42163828827034,,22.08,,NCI-BL2052 is a lymphoblastoid line derived from the same patient as NCI-H2052 (ATCC).,688058,ACH-000153,NCIH2052_PLEURA,CVCL_1518,,ATCC:CRL-5915,ATCC,CRL-5915,Homo sapiens,Male,White,65.0,,,,,,Smoker,,,,,,,,,,,,,,,,,,,,,,,,Unknown,,,,,,,,,,,,,,,,,,,,,,,,,,,,,
SIDM00355,SIDS01047,SIDP00940,,RERF-LC-MS,,Lung,Non-Small Cell Lung Carcinoma,C3512,Tumour,Unknown,Lung Adenocarcinoma,Cell Line,Unknown,,,,,,,MSS,4.332774355,2.26614272870003,,29.34,,,910931,ACH-000062,RERFLCMS_LUNG,CVCL_1655,,JCRB:JCRB0081,JCRB,JCRB0081,Homo sapiens,Male,East Asian,,,,,,,Unknown,,,,,,,,,,,,,,,,,,,,,,,,Unknown,,,,,,,,,,,,,,,,,,,,,,,,,,,,,
SIDM00697,SIDS00225,SIDP00184,,NCI-H1436,,Lung,Small Cell Lung Carcinoma,C4917,Metastasis,Lymph node,Small Cell Lung Carcinoma,Cell Line,Suspension,,,6.0,1986.0,,,MSS,2.015223357,2.06939284484023,,70.13,,,908469,ACH-000830,NCIH1436_LUNG,CVCL_1471,,ATCC:CRL-5871,ATCC,CRL-5871,Homo sapiens,Male,White,39.0,,,,,,Smoker,,,,,,,,,,,,,,,,,,,,,,,,Unknown,,,,,,,,,,,,,,,,,,,,,,,,,,,,,
SIDM00762,SIDS00255,SIDP00211,,NCI-H1944,,Lung,Non-Small Cell Lung Carcinoma,C3512,Metastasis,Soft tissue,Lung Adenocarcinoma,Cell Line,Adherent,,,6.0,1988.0,,,MSS,2.128046045,2.1911134785681297,,44.05,,,1240185,ACH-000414,NCIH1944_LUNG,CVCL_1508,,ATCC:CRL-5907,ATCC,CRL-5907,Homo sapiens,Female,White,62.0,,,,,,Smoker,,,,,,,,,,,,,,,,,,,,,,,,Unknown,,,,,,,,,,,,,,,,,,,,,,,,,,,,,
SIDM00293,SIDS00684,SIDP00611,,LU-139,NCC-c-Lu-139,Lung,Small Cell Lung Carcinoma,C4917,Tumour,Unknown,Small Cell Lung Carcinoma,Cell Line,Suspension,,,,,,,MSS,2.9161907000000005,3.01627722377378,,52.92,,,713878,ACH-002052,LU139_LUNG,CVCL_1390,,RIKEN:RCB0469,RIKEN,RCB0469,Homo sapiens,Male,East Asian,63.0,,,,,,Unknown,,,,,,,,,,,,,,,,,,,,,,,,Unknown,,,,,,,,,,,,,,,,,,,,,,,,,,,,,
SIDM01156,SIDS00390,SIDP00334,,SW1271,,Lung,Small Cell Lung Carcinoma,C4917,Tumour,Unknown,Small Cell Lung Carcinoma,Cell Line,Adherent,,,,1976.0,,,MSS,2.658150732,2.8855521458332505,,87.39,,,1299062,ACH-000890,SW1271_LUNG,CVCL_1716,,ATCC:CRL-2177,ATCC,CRL-2177,Homo sapiens,Male,White,69.0,,,,,,Unknown,,,,,,,,,,,,,,,,,,,,,,,,Unknown,,,,,,,,,,,,,,,,,,,,,,,,,,,,,
SIDM00758,SIDS00259,SIDP00215,,NCI-H1993,,Lung,Non-Small Cell Lung Carcinoma,C3512,Metastasis,Lymph node,Lung Adenocarcinoma,Cell Line,Adherent,,,,,,,MSS,4.194214793,4.110363554131,,65.26,,NCI-H1993 and NCI-H2073 were derived from the same patient (ATCC).,908476,ACH-001137,NCIH1993_LUNG,CVCL_1512,,ATCC:CRL-5909,ATCC,CRL-5909,Homo sapiens,Female,White,47.0,,,,,,Smoker,,,,,,,,,,,,,,,,,,,,,,,,Unknown,,,,,,,,,,,,,,,,,,,,,,,,,,,,,
SIDM00702,SIDS00277,SIDP00228,,NCI-H2122,,Lung,Non-Small Cell Lung Carcinoma,C3512,Metastasis,Pleural effusion,Lung Adenocarcinoma,Cell Line,Adherent,,,1.0,1989.0,,,MSS,2.471449922,2.4619968274285,,29.21,,NCI-BL2122 is a lymphoblastoid line from the same patient as NCI-H2122 (ATCC).,722046,ACH-000311,NCIH2122_LUNG,CVCL_1531,,ATCC:CRL-5985,ATCC,CRL-5985,Homo sapiens,Female,White,46.0,,,,,,Smoker,,,,,,,,,,,,,,,,,,,,,,,,Unknown,,,,,,,,,,,,,,,,,,,,,,,,,,,,,
SIDM00700,SIDS00279,SIDP00229,,NCI-H2135,,Lung,Non-Small Cell Lung Carcinoma,C2926,Tumour,Unknown,Non-Small Cell Lung Carcinoma,Cell Line,Adherent,,,2.0,1989.0,,,MSS,3.684066061,4.02500433197998,,93.87,,,1298352,ACH-001363,NCIH2135_LUNG,CVCL_1533,,ATCC:CRL-5926,ATCC,CRL-5926,Homo sapiens,Unknown,Unknown,,,,,,,Unknown,,,,,,,,,,,,,,,,,,,,,,,,Unknown,,,,,,,,,,,,,,,,,,,,,,,,,,,,,
SIDM00144,SIDS00841,SIDP00750,,NCI-H460,NCI-HUT-460;NCI-460,Lung,Non-Small Cell Lung Carcinoma,C4450,Metastasis,Pleural Effusion,Large Cell Lung Carcinoma,Cell Line,Adherent,,,,1982.0,,,MSS,2.535303751,2.5117211187265096,,37.47,,,905943,ACH-000463,NCIH460_LUNG,CVCL_0459,,NCI:NCI-H460,NCI,NCI-H460,Homo sapiens,Male,Unknown,,,,,,,Unknown,,,,,,,,,,,,,,,,,,,,,,,,Unknown,,,,,,,,,,,,,,,,,,,,,,,,,,,,,
SIDM01108,SIDS00364,SIDP00309,,SK-LU-1,,Lung,Non-Small Cell Lung Carcinoma,C3512,Tumour,Unknown,Lung Adenocarcinoma,Cell Line,Adherent,,,,,,,MSS,3.702383258,3.93637183345676,,58.39,,,909721,ACH-000309,SKLU1_LUNG,CVCL_0629,,ATCC:HTB-57,ATCC,HTB-57,Homo sapiens,Female,White,60.0,,,,,,Unknown,,,,,,,,,,,,,,,,,,,,,,,,Unknown,,,,,,,,,,,,,,,,,,,,,,,,,,,,,
SIDM00345,SIDS01096,SIDP00985,,LCLC-103H,,Lung,Non-Small Cell Lung Carcinoma,C4450,Metastasis,Pleural effusion,Large Cell Lung Carcinoma,Cell Line,Adherent,,,,,,,MSS,3.913975367,4.7581619543264,,48.82,,,753586,ACH-000627,LCLC103H_LUNG,CVCL_1375,,DSMZ:ACC-384,DSMZ,ACC-384,Homo sapiens,Male,White,61.0,,,,,,Unknown,,,,,,,,,,,,,,,,,,,,,,,,Chemotherapy;Radiotherapy,,,,,,,,,,,,,,,,,,,,,,,,,,,,,
SIDM00368,SIDS01056,SIDP00948,,SBC-5,,Lung,Small Cell Lung Carcinoma,C4917,Unknown,Unknown,Small Cell Lung Carcinoma,Cell Line,Unknown,,,,,,,MSS,2.919368599,2.9865313699131697,,50.55,,,713880,ACH-000670,SBC5_LUNG,CVCL_1679,,JCRB:JCRB0819,JCRB,JCRB0819,Homo sapiens,Male,Unknown,,,,,,,Unknown,,,,,,,,,,,,,,,,,,,,,,,,Unknown,,,,,,,,,,,,,,,,,,,,,,,,,,,,,
SIDM00644,SIDS00221,SIDP00181,,NCI-H1395,,Lung,Non-Small Cell Lung Carcinoma,C3512,Tumour,Unknown,Lung Adenocarcinoma,Cell Line,Adherent,,,4.0,1986.0,,,,2.599587259,,,,,NCI-BL1395 is a lymphoblastoid line established from the same patient as NCI-H1395 (ATCC).,684681,ACH-000327,NCIH1395_LUNG,CVCL_1467,,ATCC:CRL-5868,ATCC,CRL-5868,Homo sapiens,Female,White,55.0,,,,,,Smoker,,,,,,,,,,,,,,,,,,,,,,,,Unknown,,,,,,,,,,,,,,,,,,,,,,,,,,,,,
SIDM00902,SIDS00076,SIDP00060,,JHU-028,SCC028;HNSCC 028;O28,Lung,Non-Small Cell Lung Carcinoma,C3512,Tumour,Unknown,Lung Adenocarcinoma,Cell Line,Adherent,,,,,,,MSS,4.577426123,2.5054485232280697,,56.95,,"The human umbilical vein cell line, EA.hy926, was established by fusing primary human umbilical vein cells with a thioguanine-resistant clone of A549 by exposure to polyethylene glycol (PEG). Hybrid clones were selected in HAT medium and screened for factor VIII-related antigen. (ATCC)",1298154,ACH-002337,JHU028_LUNG,CVCL_5992,,Unknown:Unknown,Unknown,Unknown,Homo sapiens,Male,White,58.0,,,,,,Unknown,,,,,,,,,,,,,,,,,,,,,,,,Unknown,,,,,,,,,,,,,,,,,,,,,,,,,,,,,
SIDM02081,SIDS01964,SIDP01860,,Mesobank_CellLine-2,,Lung,Mesothelioma,C4282,Unknown,Unknown,Biphasic Mesothelioma,Cell Line,Adherent,Unknown,,,,,,,,,,,,,,,,,,Mesobank:Cell line 2,Mesobank,Cell line 2,Homo sapiens,Female,Unknown,41.0,,,,,,Unknown,,,,,,,,,,,,,,,,,,,,,,,,Unknown,,,,,,,,,,,,,,,,,,,,,,,,,,,,,
SIDM02083,SIDS01981,SIDP01877,,Mesobank_CellLine-29T,,Lung,Mesothelioma,C7985,Unknown,Unknown,Epithelioid Mesothelioma,Cell Line,Adherent,Unknown,,,,,,,,,,,,,,,,,,Mesobank:Cell line 29T,Mesobank,Cell line 29T,Homo sapiens,Male,Unknown,75.0,,,,,,Unknown,,,,,,,,,,,,,,,,,,,,,,,,Unknown,,,,,,,,,,,,,,,,,,,,,,,,,,,,,
SIDM02085,SIDS01979,SIDP01875,,Mesobank_CellLine-14T,,Lung,Mesothelioma,C7985,Unknown,Unknown,Epithelioid Mesothelioma,Cell Line,Adherent,Unknown,,,,,,,,,,,,,,,,,,Mesobank:Cell line 14T,Mesobank,Cell line 14T,Homo sapiens,Male,Unknown,59.0,,,,,,Unknown,,,,,,,,,,,,,,,,,,,,,,,,Unknown,,,,,,,,,,,,,,,,,,,,,,,,,,,,,
SIDM02087,SIDS01977,SIDP01873,,Mesobank_CellLine-7T,,Lung,Mesothelioma,C4282,Unknown,Unknown,Biphasic Mesothelioma,Cell Line,Adherent,Unknown,,,,,,,,,,,,,,,,,,Mesobank:Cell line 7T,Mesobank,Cell line 7T,Homo sapiens,Male,Unknown,70.0,,,,,,Unknown,,,,,,,,,,,,,,,,,,,,,,,,Unknown,,,,,,,,,,,,,,,,,,,,,,,,,,,,,
SIDM02089,SIDS01975,SIDP01871,,Mesobank_CellLine-45,,Lung,Mesothelioma,C7985,Unknown,Unknown,Epithelioid Mesothelioma,Cell Line,Adherent,Unknown,,,,,,,,,,,,,,,,,,Mesobank:Cell line 45,Mesobank,Cell line 45,Homo sapiens,Male,Unknown,66.0,,,,,,Unknown,,,,,,,,,,,,,,,,,,,,,,,,Unknown,,,,,,,,,,,,,,,,,,,,,,,,,,,,,
SIDM02091,SIDS01974,SIDP01870,,Mesobank_CellLine-40,,Lung,Mesothelioma,C7985,Unknown,Unknown,Epithelioid Mesothelioma,Cell Line,Adherent,Unknown,,,,,,,,,,,,,,,,,,Mesobank:Cell line 40,Mesobank,Cell line 40,Homo sapiens,Male,Unknown,74.0,,,,,,Unknown,,,,,,,,,,,,,,,,,,,,,,,,Unknown,,,,,,,,,,,,,,,,,,,,,,,,,,,,,
SIDM02093,SIDS01971,SIDP01867,,Mesobank_CellLine-35,,Lung,Mesothelioma,C4282,Unknown,Unknown,Biphasic Mesothelioma,Cell Line,Adherent,Unknown,,,,,,,,,,,,,,,,,,Mesobank:Cell line 35,Mesobank,Cell line 35,Homo sapiens,Female,Unknown,52.0,,,,,,Unknown,,,,,,,,,,,,,,,,,,,,,,,,Unknown,,,,,,,,,,,,,,,,,,,,,,,,,,,,,
SIDM02095,SIDS01969,SIDP01865,,Mesobank_CellLine-26,,Lung,Mesothelioma,C4282,Unknown,Unknown,Biphasic Mesothelioma,Cell Line,Adherent,Unknown,,,,,,,,,,,,,,,,,,Mesobank:Cell line 26,Mesobank,Cell line 26,Homo sapiens,Male,Unknown,66.0,,,,,,Unknown,,,,,,,,,,,,,,,,,,,,,,,,Unknown,,,,,,,,,,,,,,,,,,,,,,,,,,,,,
SIDM02097,SIDS01967,SIDP01863,,Mesobank_CellLine-19,,Lung,Mesothelioma,C4282,Unknown,Unknown,Biphasic Mesothelioma,Cell Line,Adherent,Unknown,,,,,,,,,,,,,,,,,,Mesobank:Cell line 19,Mesobank,Cell line 19,Homo sapiens,Male,Unknown,66.0,,,,,,Unknown,,,,,,,,,,,,,,,,,,,,,,,,Unknown,,,,,,,,,,,,,,,,,,,,,,,,,,,,,
SIDM02099,SIDS01965,SIDP01861,,Mesobank_CellLine-12,,Lung,Mesothelioma,C4282,Unknown,Unknown,Biphasic Mesothelioma,Cell Line,Adherent,Unknown,,,,,,,,,,,,,,,,,,Mesobank:Cell line 12,Mesobank,Cell line 12,Homo sapiens,Male,Unknown,62.0,,,,,,Unknown,,,,,,,,,,,,,,,,,,,,,,,,Unknown,,,,,,,,,,,,,,,,,,,,,,,,,,,,,
SIDM02101,SIDS01984,SIDP01880,,Mesobank_CellLine-53T,,Lung,Mesothelioma,C7985,Unknown,Unknown,Epithelioid Mesothelioma,Cell Line,Adherent,Unknown,,,,,,,,,,,,,,,,,,Mesobank:Cell line 53T,Mesobank,Cell line 53T,Homo sapiens,Female,Unknown,64.0,,,,,,Unknown,,,,,,,,,,,,,,,,,,,,,,,,Unknown,,,,,,,,,,,,,,,,,,,,,,,,,,,,,
SIDM00915,SIDS00300,SIDP00247,,NCI-H378,,Lung,Small Cell Lung Carcinoma,C4917,Metastasis,Pleural effusion,Small Cell Lung Carcinoma,Cell Line,Suspension,,,11.0,1981.0,,,,1.894480883,,,,,,688022,ACH-002173,NCIH378_LUNG,CVCL_1560,,ATCC:CRL-5808,ATCC,CRL-5808,Homo sapiens,Female,White,66.0,,,,,,Smoker,,,,,,,,,,,,,,,,,,,,,,,,Chemotherapy,,,,,,,,,,,,,,,,,,,,,,,,,,,,,
SIDM02082,SIDS01982,SIDP01878,,Mesobank_CellLine-33T,,Lung,Mesothelioma,C4282,Unknown,Unknown,Biphasic Mesothelioma,Cell Line,Adherent,Unknown,,,,,,,,,,,,,,,,,,Mesobank:Cell line 33T,Mesobank,Cell line 33T,Homo sapiens,Male,Unknown,73.0,,,,,,Unknown,,,,,,,,,,,,,,,,,,,,,,,,Unknown,,,,,,,,,,,,,,,,,,,,,,,,,,,,,
SIDM02084,SIDS01980,SIDP01876,,Mesobank_CellLine-23T,,Lung,Mesothelioma,C7985,Unknown,Unknown,Epithelioid Mesothelioma,Cell Line,Adherent,Unknown,,,,,,,,,,,,,,,,,,Mesobank:Cell line 23T,Mesobank,Cell line 23T,Homo sapiens,Male,Unknown,68.0,,,,,,Unknown,,,,,,,,,,,,,,,,,,,,,,,,Unknown,,,,,,,,,,,,,,,,,,,,,,,,,,,,,
SIDM02086,SIDS01978,SIDP01874,,Mesobank_CellLine-12T,,Lung,Mesothelioma,C7985,Unknown,Unknown,Epithelioid Mesothelioma,Cell Line,Adherent,Unknown,,,,,,,,,,,,,,,,,,Mesobank:Cell line 12T,Mesobank,Cell line 12T,Homo sapiens,Male,Unknown,78.0,,,,,,Unknown,,,,,,,,,,,,,,,,,,,,,,,,Unknown,,,,,,,,,,,,,,,,,,,,,,,,,,,,,
SIDM02088,SIDS01976,SIDP01872,,Mesobank_CellLine-3T,,Lung,Mesothelioma,C7985,Unknown,Unknown,Epithelioid Mesothelioma,Cell Line,Adherent,Unknown,,,,,,,,,,,,,,,,,,Mesobank:Cell line 3T,Mesobank,Cell line 3T,Homo sapiens,Male,Unknown,56.0,,,,,,Unknown,,,,,,,,,,,,,,,,,,,,,,,,Unknown,,,,,,,,,,,,,,,,,,,,,,,,,,,,,
SIDM02090,SIDS01983,SIDP01879,,Mesobank_CellLine-50T,,Lung,Mesothelioma,C7985,Unknown,Unknown,Epithelioid Mesothelioma,Cell Line,Adherent,Unknown,,,,,,,,,,,,,,,,,,Mesobank:Cell line 50T,Mesobank,Cell line 50T,Homo sapiens,Male,Unknown,65.0,,,,,,Unknown,,,,,,,,,,,,,,,,,,,,,,,,Unknown,,,,,,,,,,,,,,,,,,,,,,,,,,,,,
SIDM02092,SIDS01972,SIDP01868,,Mesobank_CellLine-36,,Lung,Mesothelioma,C4282,Unknown,Unknown,Biphasic Mesothelioma,Cell Line,Adherent,Unknown,,,,,,,,,,,,,,,,,,Mesobank:Cell line 36,Mesobank,Cell line 36,Homo sapiens,Male,Unknown,61.0,,,,,,Unknown,,,,,,,,,,,,,,,,,,,,,,,,Unknown,,,,,,,,,,,,,,,,,,,,,,,,,,,,,
SIDM02094,SIDS01970,SIDP01866,,Mesobank_CellLine-34,,Lung,Mesothelioma,C45655,Unknown,Unknown,Sarcomatoid Mesothelioma,Cell Line,Adherent,Unknown,,,,,,,,,,,,,,,,,,Mesobank:Cell line 34,Mesobank,Cell line 34,Homo sapiens,Male,Unknown,53.0,,,,,,Unknown,,,,,,,,,,,,,,,,,,,,,,,,Unknown,,,,,,,,,,,,,,,,,,,,,,,,,,,,,
SIDM02096,SIDS01968,SIDP01864,,Mesobank_CellLine-24,,Lung,Mesothelioma,C45655,Unknown,Unknown,Sarcomatoid Mesothelioma,Cell Line,Adherent,Unknown,,,,,,,,,,,,,,,,,,Mesobank:Cell line 24,Mesobank,Cell line 24,Homo sapiens,Male,Unknown,68.0,,,,,,Unknown,,,,,,,,,,,,,,,,,,,,,,,,Unknown,,,,,,,,,,,,,,,,,,,,,,,,,,,,,
SIDM02098,SIDS01966,SIDP01862,,Mesobank_CellLine-18,,Lung,Mesothelioma,C4282,Unknown,Unknown,Biphasic Mesothelioma,Cell Line,Adherent,Unknown,,,,,,,,,,,,,,,,,,Mesobank:Cell line 18,Mesobank,Cell line 18,Homo sapiens,Female,Unknown,55.0,,,,,,Unknown,,,,,,,,,,,,,,,,,,,,,,,,Unknown,,,,,,,,,,,,,,,,,,,,,,,,,,,,,
SIDM02100,SIDS01973,SIDP01869,,Mesobank_CellLine-38,,Lung,Mesothelioma,C7985,Unknown,Unknown,Epithelioid Mesothelioma,Cell Line,Adherent,Unknown,,,,,,,,,,,,,,,,,,Mesobank:Cell line 38,Mesobank,Cell line 38,Homo sapiens,Female,Unknown,63.0,,,,,,Unknown,,,,,,,,,,,,,,,,,,,,,,,,Unknown,,,,,,,,,,,,,,,,,,,,,,,,,,,,,
SIDM01331,SIDS01442,SIDP01323,,RERF-LC-AD1,,Lung,Non-Small Cell Lung Carcinoma,C3512,Tumour,Lung,Lung Adenocarcinoma,Cell Line,Adherent,Unknown,,,,,,,,,,,,,,ACH-000791,RERFLCAD1_LUNG,CVCL_1651,,JCRB:JCRB1020,JCRB,JCRB1020,Homo sapiens,Male,East Asian,70.0,,,,,,Unknown,,,,,,,,,,,,,,,,,,,,,,,,Unknown,,,,,,,,,,,,,,,,,,,,,,,,,,,,,
SIDM01906,SIDS01693,SIDP01609,,Mero-95,,Lung,Mesothelioma,C45662,Tumour,Pleural Effusion,Pleural Epithelioid Mesothelioma,Cell Line,Adherent,Unknown,,,,10.1002/ijc.2910440212,2474517.0,,,,,,Note made of patient's history of exposure to asbestos (ECACC).,,,ACH-001562,MERO95_PLEURA,CVCL_2597,,ECACC:09100108,ECACC,09100108,Homo sapiens,Male,Unknown,,,,,,,Unknown,,,,,,,,,,,,,,,,,,,,,,,,Unknown,,,,,,,,,,,,,,,,,,,,,,,,,,,,,
SIDM00737,SIDS00242,SIDP00201,,NCI-H1770,,Lung,Non-Small Cell Lung Carcinoma,C2926,Metastasis,Lymph node,Non-Small Cell Lung Carcinoma,Cell Line,Suspension,,,11.0,1987.0,,,MSS,2.7021443460000003,2.94564169832143,,126.29,,NCI-BL1770 is a lymphoblastoid line established from the same patient as NCI-H1770 (ATCC).,687804,ACH-001362,NCIH1770_LUNG,CVCL_1493,,ATCC:CRL-5893,ATCC,CRL-5893,Homo sapiens,Male,White,57.0,,,,,,Unknown,,,,,,,,,,,,,,,,,,,,,,,,Unknown,,,,,,,,,,,,,,,,,,,,,,,,,,,,,
SIDM00509,SIDS00894,SIDP00797,,COR-L311,,Lung,Small Cell Lung Carcinoma,C4917,Tumour,Unknown,Small Cell Lung Carcinoma,Cell Line,Suspension,,,,,,,MSS,4.326234901,5.171349548621349,,23.74,,,687980,ACH-000187,CORL311_LUNG,CVCL_2412,,ECACC:96020721,ECACC,96020721,Homo sapiens,Male,Unknown,63.0,,,,,,Unknown,,,,,,,,,,,,,,,,,,,,,,,,Chemotherapy,"3 cycles of chemotherapy treatment with eroposide, colchicine, methotrexate and vincristine",,,,,,,,,,,,,,,,,,,,,,,,,,,,
SIDM02142,SIDS02012,SIDP01908,,ONE58,,Lung,Mesothelioma,C4456,Tumour,Pleural Effusion,Malignant Mesothelioma,Cell Line,Adherent,Unknown,,,,10.1002/ijc.2910470219,1703129.0,,,,,,Patient had known exposure to crocidolite asbestos.,,1963332,ACH-001992,,,,ECACC:10092313,ECACC,10092313,Homo sapiens,Male,Unknown,,,,,,,Unknown,,,,,,,,,,,,,,,,,,,,,,,,Unknown,,,,,,,,,,,,,,,,,,,,,,,,,,,,,
SIDM02154,SIDS02009,SIDP01905,,NO36,,Lung,Mesothelioma,C4456,Tumour,Pleural Effusion,Malignant Mesothelioma,Cell Line,Adherent,Unknown,,,,10.1002/ijc.2910470219,1703129.0,,,,,,Patient had known exposure to crocidolite asbestos.,,1522764,ACH-001977,,,,ECACC:10092312,ECACC,10092312,Homo sapiens,Male,Unknown,,,,,,,Unknown,,,,,,,,,,,,,,,,,,,,,,,,Unknown,,,,,,,,,,,,,,,,,,,,,,,,,,,,,
SIDM02135,SIDS01990,SIDP01886,,LO68,,Lung,Mesothelioma,C4456,Tumour,Pleural Effusion,Malignant Mesothelioma,Cell Line,Adherent,Unknown,,,,10.1002/ijc.2910470219,1703129.0,,,,,,Patient had known exposure to crocidolite asbestos.,,,ACH-001547,,,,ECACC:10092311,ECACC,10092311,Homo sapiens,Male,Unknown,,,,,,,Unknown,,,,,,,,,,,,,,,,,,,,,,,,Unknown,,,,,,,,,,,,,,,,,,,,,,,,,,,,,
